"password","last_login","id","created_at","updated_at","email","phone","full_name","is_staff","is_active","is_superuser","date_of_birth","gender","terms_accepted","terms_accepted_at","terms_version","role","state","suspended_at","deactivated_at","is_email_verified","is_phone_verified","country_code"
"pbkdf2_sha256$720000$EYHYRYSIB/N4DKRG$hjdJf8DVxrAtWEUtPad2VV/iv/g2KG5P2fh8Akw9LZ0=",NULL,"90eb3e7b-f41c-4a4b-8c38-4e1fdd494625","2025-12-10 04:36:08+05:30","2025-12-13 05:47:37+05:30","jonesrobert@example.com","3242197299338","Darryl Blackwell",False,True,False,"1981-03-26","male",True,"2025-12-10 04:36:08+05:30","1.0.0","doctor","active",NULL,NULL,False,True,"+91"
"pbkdf2_sha256$720000$NOZeOcj7ho7zTt2T$UQ22WxLgNj2jyFk0ux4XvX46Jo7qu4NK4Ex0PxiObD0=",NULL,"ab00f09a-961f-4f18-a33c-de48f647f918","2025-11-05 13:37:53+05:30","2025-12-17 05:01:57+05:30","markpoole@example.org","1095439853354","Sandra Cruz",False,True,False,"1976-09-10","female",True,"2025-11-05 13:37:53+05:30","1.0.0","doctor","active",NULL,NULL,False,True,"+91"
"pbkdf2_sha256$720000$ylIn/47dD5XXlHDX$7BsDIGr+nF8109Qok3+BONMKUUth+5KWa0WF2AIa2OI=",NULL,"9c5f19b6-fb57-42f7-89c5-3723df2eeecf","2025-12-23 09:17:07+05:30","2025-12-23 21:33:32+05:30","schmidtbrad@example.org","5279752438092","David Alexander",False,True,False,"1995-03-02","female",True,"2025-12-23 09:17:07+05:30","1.0.0","doctor","active",NULL,NULL,True,False,"+91"
"pbkdf2_sha256$720000$kQDYK7E/AfjL87D+$c8Zn1R5MyQcoYF594rBJ5A6QxhoZFiItrtOfXKl6VYw=",NULL,"108d09bd-6322-45a5-b818-6fba17b0feae","2025-12-13 04:25:41+05:30","2025-12-21 16:53:48+05:30","kendra61@example.org","8143210257761","Betty Chavez",False,True,False,"1973-08-05","male",True,"2025-12-13 04:25:41+05:30","1.0.0","doctor","active",NULL,NULL,True,True,"+91"
"pbkdf2_sha256$720000$YmHNBYo+H7kTLm0t$OdWEhra3U0iLrdArF9FXkUQ0Hwe2YY1IOvnuMybBsxM=",NULL,"d3672c90-7498-458e-bae5-107047be90b9","2025-11-24 17:10:55+05:30","2025-12-04 05:52:51+05:30","lrose@example.net","1182609839763","Theodore Tapia",False,True,False,"1969-10-06","male",True,"2025-11-24 17:10:55+05:30","1.0.0","doctor","active",NULL,NULL,True,True,"+91"
"pbkdf2_sha256$720000$AbLpFKsULNsrxrSb$IBa7CxeWA1kI0Qsoiv6DHYk0zan+omtPIhHIr4vz+vw=",NULL,"ca7d720e-b9ad-429a-a3b2-2f261be63377","2025-12-19 14:02:10+05:30","2025-12-23 08:01:27+05:30","hawkinslatasha@example.com","7566106688601","Teresa Thompson",False,True,False,"2000-10-06","other",True,"2025-12-19 14:02:10+05:30","1.0.0","doctor","active",NULL,NULL,False,True,"+91"
"pbkdf2_sha256$720000$UzMZFZwZrATfZJAb$F6YsoFegIws1yz7QLGoCFqYj0iq+7zKu/qDZPhBbXU4=",NULL,"e1f78bef-ce85-4769-98b6-de1b27cb6da8","2025-11-26 16:42:23+05:30","2025-12-08 16:15:49+05:30","kevin05@example.org","0609301424888","Holly Huynh",False,True,False,"1954-12-29","other",True,"2025-11-26 16:42:23+05:30","1.0.0","doctor","active",NULL,NULL,True,True,"+91"
"pbkdf2_sha256$720000$HE6Pxd0m/e1cCBUx$Zmy8Cqrtq4hYKu9OEpraLkhtmqxT82aaqmOLnsBQJBU=",NULL,"77f715d4-3aac-4c0d-a667-76d61bd80438","2025-12-11 21:27:52+05:30","2025-12-21 06:56:41+05:30","jrodriguez@example.org","4976662154718","Kathryn Horton",False,True,False,"2002-04-03","male",True,"2025-12-11 21:27:52+05:30","1.0.0","doctor","active",NULL,NULL,True,False,"+91"
"pbkdf2_sha256$720000$oOgKdV4g/dUA8YoK$UFWOUnZhwH8sKY2odc/chIVzQ4mbhvpw5t5cBfcJSOk=",NULL,"eaa53b6b-3254-45ce-98e1-cdcff4902e27","2025-12-16 03:10:12+05:30","2025-12-20 11:29:19+05:30","andrewbrown@example.net","8572601342986","Brian Bradford",False,True,False,"1981-12-23","female",True,"2025-12-16 03:10:12+05:30","1.0.0","doctor","active",NULL,NULL,True,True,"+91"
"pbkdf2_sha256$720000$IXr7K5O46CbhMIT1$HlIE4ix3g+qcHSElCGjzloQqX2uiabUsGfgQbofbQQQ=",NULL,"d35fb2a9-f2a9-4ba5-a4b3-ce692b618eb5","2025-12-06 11:45:31+05:30","2025-12-24 01:37:38+05:30","nancyrichardson@example.net","7930086840417","Bradley Hatfield",False,True,False,"1958-12-16","other",True,"2025-12-06 11:45:31+05:30","1.0.0","doctor","active",NULL,NULL,True,True,"+91"
"pbkdf2_sha256$720000$FFywQoBveuQOOdeq$tBNPyic7nJQMbAtMWEgTbDLNQuo0eiwD8hdV8rqqNow=",NULL,"2fd2992b-4aaf-465d-9275-58d7c64be943","2025-11-13 04:20:54+05:30","2025-11-29 14:42:18+05:30","rasmussencheyenne@example.com","7438085465307","Andrew Murphy",False,True,False,"1954-01-16","female",True,"2025-11-13 04:20:54+05:30","1.0.0","doctor","active",NULL,NULL,True,False,"+91"
"pbkdf2_sha256$720000$G/IMP2esMH0Z9QnA$KRNLBk1rwFtwo41JUQAZYR8I1BBPYQ76qg50eiHzE0M=",NULL,"bd16e903-546f-4600-9b0b-b9963b0005a0","2025-12-10 03:43:48+05:30","2025-12-20 06:44:55+05:30","gailsmith@example.org","4419280593027","Susan Sullivan",False,True,False,"1987-08-13","other",True,"2025-12-10 03:43:48+05:30","1.0.0","doctor","active",NULL,NULL,True,False,"+91"
"pbkdf2_sha256$720000$9rkk2ZA26vJKY5oa$ApvD/lWWw31e7Q1NwKW9VvYP5nX8h3jcIHzbtOV13YY=",NULL,"78bfa72a-9717-4b59-9d16-b4cabbe35353","2025-11-14 03:42:33+05:30","2025-11-20 20:09:05+05:30","rgarcia@example.org","2424481916474","Shelby Bryan",False,True,False,"2002-11-09","male",True,"2025-11-14 03:42:33+05:30","1.0.0","doctor","active",NULL,NULL,False,True,"+91"
"pbkdf2_sha256$720000$2UNPtAT2cq1g6ZVu$6+PEitZilt9No1fd5nvFRQWiLyGndt2c9/fnJq78q74=",NULL,"7ceec18f-046f-4f42-a725-8d483cf89be8","2025-12-06 19:19:36+05:30","2025-12-18 13:28:43+05:30","kellyblanchard@example.net","5590666972062","Sheila Garcia",False,True,False,"1981-01-18","other",True,"2025-12-06 19:19:36+05:30","1.0.0","doctor","active",NULL,NULL,True,False,"+91"
"pbkdf2_sha256$720000$vkrxTU6SoppCrYOE$fnUMXO8MkPUbgRbhFSn/QplttzEP610N1u8pRv7+/DY=",NULL,"074714b9-ebc2-4c65-ad3a-fdd916d9d755","2025-12-17 17:46:47+05:30","2025-12-18 03:45:37+05:30","shelby47@example.net","3475140966939","Mary Green",False,True,False,"1979-02-11","male",True,"2025-12-17 17:46:47+05:30","1.0.0","doctor","active",NULL,NULL,False,False,"+91"
"pbkdf2_sha256$720000$UFCtKeyY2tj+1d/a$6LeqD5HJsNXKt0Fi1GErFq/EHxi8hbWEhosKdDX3IgQ=",NULL,"a89bce67-778b-410a-ad59-6aa98feefe85","2025-12-11 16:29:49+05:30","2025-12-13 14:07:54+05:30","william62@example.org","2534722583386","Jessica Miller",False,True,False,"1997-05-29","other",True,"2025-12-11 16:29:49+05:30","1.0.0","doctor","active",NULL,NULL,False,True,"+91"
"pbkdf2_sha256$720000$ZxWB0MA6+aTGPT7V$2WlDGrBE5/6soOLCu+Nm6YlgX1p7jkDhYmc0Lu8NKw4=",NULL,"7ef347ed-b783-4249-a927-199b01ec6f7f","2025-12-10 19:44:53+05:30","2025-12-24 08:36:58+05:30","benjamin10@example.net","1430484750333","Mike Lewis",False,True,False,"1976-07-30","female",True,"2025-12-10 19:44:53+05:30","1.0.0","doctor","active",NULL,NULL,True,False,"+91"
"pbkdf2_sha256$720000$HRtEduXKpqVxMvsE$99q9NJkfIV5/ZaPOMJmmJGoA4Zjq82UdLNAKyDImU10=",NULL,"86dad2ca-f9a0-4cdb-911c-11eeae1e7488","2025-11-14 10:00:52+05:30","2025-12-18 19:01:02+05:30","michael39@example.net","1458136972400","Casey Harris",False,True,False,"2005-08-18","other",True,"2025-11-14 10:00:52+05:30","1.0.0","doctor","active",NULL,NULL,False,True,"+91"
"pbkdf2_sha256$720000$mMXeeoZG7FY6XowD$oLozZPx4jYPb+no/7kK7hJE0MTPwL46PWGd/eORnZFg=",NULL,"44d6761c-1a52-4653-a243-5cc042d8acbd","2025-12-16 06:17:10+05:30","2025-12-22 17:23:16+05:30","timothy10@example.net","2512784121256","Michael Moon",False,True,False,"1974-09-18","female",True,"2025-12-16 06:17:10+05:30","1.0.0","doctor","active",NULL,NULL,True,True,"+91"
"pbkdf2_sha256$720000$f3jHSEXbR4wAOxYu$zqOmHcVydl7k851ijyooIZiQh3Kk9rf8CNa603TC878=",NULL,"8db57fb8-e753-49ce-995f-7543ba380a4a","2025-11-04 19:10:26+05:30","2025-12-20 05:34:22+05:30","jessicayoung@example.com","5394887169325","Shawn Russell",False,True,False,"2007-05-29","female",True,"2025-11-04 19:10:26+05:30","1.0.0","doctor","active",NULL,NULL,False,False,"+91"
"pbkdf2_sha256$720000$bOkRJgNwFgE7Duxi$eFVi+s4+94Ivjy1Fup9P113tIVtZL+qnDfs7DUC9lQc=",NULL,"c9d23a99-d844-4204-9787-30421b141479","2025-11-07 01:34:45+05:30","2025-11-20 21:57:43+05:30","brooksnancy@example.org","8927813171936","Angel Coffey",False,True,False,"1985-05-18","other",True,"2025-11-07 01:34:45+05:30","1.0.0","doctor","active",NULL,NULL,True,False,"+91"
"pbkdf2_sha256$720000$+DjgDJZPuZTgvUhF$Y5wi6S/iGxEZJLeIxzHD9b6ca32HPV4co1IxugpIYgk=",NULL,"467c082c-641c-4118-8f18-38a0a9927c1a","2025-11-11 12:23:56+05:30","2025-11-30 03:06:39+05:30","jessesingh@example.com","8436090302187","Gail Davis",False,True,False,"1985-07-29","other",True,"2025-11-11 12:23:56+05:30","1.0.0","doctor","active",NULL,NULL,True,False,"+91"
"pbkdf2_sha256$720000$wnmpOJHMOwIMeWZF$pTzyFPKfMLG5AH7jjEJY88ap2+I1BC1WbzgPlZ3E4R0=",NULL,"7a975c28-d470-424e-ab84-16d8dec4566e","2025-11-19 20:22:47+05:30","2025-11-26 22:17:27+05:30","michelle10@example.net","9917608222501","Barbara Roberts",False,True,False,"1963-02-17","male",True,"2025-11-19 20:22:47+05:30","1.0.0","doctor","active",NULL,NULL,False,False,"+91"
"pbkdf2_sha256$720000$zqn1TYMnn6o9PV+J$+x9bALCcTTgPdlFQZEWTGL/WCjQ/XqIxMRyplHaBMdc=",NULL,"b56c778a-84a2-4620-ba61-9f8d83ec3c1c","2025-12-14 07:40:42+05:30","2025-12-20 09:15:45+05:30","brooksalexis@example.com","2931078321578","Brooke Hendricks",False,True,False,"1957-01-24","male",True,"2025-12-14 07:40:42+05:30","1.0.0","doctor","active",NULL,NULL,False,True,"+91"
"pbkdf2_sha256$720000$Fc1797VzFl0UqEa2$3uPd7ed5/w1qMbXa1CnkEvGkGph5eb2XpjmLU8cF9c8=",NULL,"d97b9ecb-f233-446a-8d57-02757374cf10","2025-11-28 01:49:30+05:30","2025-12-15 15:23:35+05:30","leslie78@example.com","5750922589628","Kelsey Moore",False,True,False,"1972-06-03","male",True,"2025-11-28 01:49:30+05:30","1.0.0","doctor","active",NULL,NULL,False,False,"+91"
"pbkdf2_sha256$1200000$ig9rUJJej0BPJ78ravyFjD$Buzk4tnvKw4cpJgWxl5whLgpEvXDvbubOtRo0DZolcY=",NULL,"4eabc263-6512-48e7-87af-97b43a2a0db1","2025-12-30 15:21:33.724086+05:30","2025-12-30 15:21:33.724086+05:30","Askok.sharma.98@gmail.com","8112324678","Ashok Sharma",False,True,False,"1899-07-22","male",True,"2025-12-30 15:21:32.847515+05:30","1.0.0","doctor","created",NULL,NULL,False,True,"+91"
"pbkdf2_sha256$720000$iRf7ML3U3bpYpMh+$xx9Tpj1M1/h5uRhXDL3uw7LVkh1BAdg4QRnaEw8DF7k=",NULL,"68902659-e583-490c-be59-10be7014a249","2025-12-14 14:56:35+05:30","2025-12-14 20:00:43+05:30","starkjamie@example.net","6506976133648","Ellen Suarez",False,True,False,"1980-05-19","other",True,"2025-12-14 14:56:35+05:30","1.0.0","doctor","active",NULL,NULL,False,True,"+91"
"pbkdf2_sha256$720000$HAwIvqeFvRXYekie$xGxNH+ISq5Ekqpt2reJ6LJpfh2VCrQ/YUloSlBfw/0c=",NULL,"ba687250-5b7c-47a7-9a04-6bfb50b7fef2","2025-12-24 04:13:25+05:30","2025-12-24 17:28:55+05:30","sandra64@example.net","6341436547364","Carmen Lee",False,True,False,"1960-02-08","other",True,"2025-12-24 04:13:25+05:30","1.0.0","doctor","active",NULL,NULL,False,False,"+91"
"pbkdf2_sha256$720000$0LoZtvsRFMmENYuO$f0M/Zc07oIrR1h323upCoAJZOP0juDyfrLnmsrxH6u0=",NULL,"511b4bcd-e366-4d97-9df1-4245377782d8","2025-12-14 05:51:55+05:30","2025-12-19 18:26:43+05:30","collinschristina@example.com","6069045948671","William Turner Jr.",False,True,False,"1950-06-26","female",True,"2025-12-14 05:51:55+05:30","1.0.0","doctor","active",NULL,NULL,True,True,"+91"
"pbkdf2_sha256$720000$uAhdRJ/om7XOrdfb$2jSc8gbifc7t/OL9JzoRihNyFfr0wOFee8/tDRk+i8w=",NULL,"67a62a78-4d75-4db9-a527-df7935f4f627","2025-12-02 02:22:48+05:30","2025-12-16 07:24:39+05:30","thomaslopez@example.net","2178986427338","Charles Perez",False,True,False,"1971-07-02","male",True,"2025-12-02 02:22:48+05:30","1.0.0","doctor","active",NULL,NULL,False,True,"+91"
"pbkdf2_sha256$720000$JIhXSUKDTwjLncQl$j1TkBjrJ4dqr1T6i/g3A43RYfDUiXRICPZBgvZMsvXc=",NULL,"38bde97d-80e8-4701-b20f-e01ee3d629df","2025-12-17 18:55:45+05:30","2025-12-18 03:40:04+05:30","carlsonvincent@example.org","8708426967766","Kylie Delgado",False,True,False,"2007-05-04","other",True,"2025-12-17 18:55:45+05:30","1.0.0","doctor","active",NULL,NULL,True,True,"+91"
"pbkdf2_sha256$720000$89ieODQ/usaxrPPp$CBg2F7gSRd0Dxew0FPrdqS+RCwgGOtHqExmpcuB/OSw=",NULL,"138365a1-4261-4aa6-b670-6d38b429c2db","2025-12-11 02:36:38+05:30","2025-12-18 17:46:03+05:30","aimee62@example.com","5184392406757","Brian Burke DDS",False,True,False,"2001-09-03","male",True,"2025-12-11 02:36:38+05:30","1.0.0","doctor","active",NULL,NULL,False,False,"+91"
"pbkdf2_sha256$720000$E1WFb7R9YNuGAUXs$1ZD5W1yN/SCkzS4gHEwllSEg4cazOVKhlzPzAmTOGCI=",NULL,"64e3fffe-bd04-4947-83c0-baf6adf95fa2","2025-12-02 13:53:01+05:30","2025-12-13 04:11:00+05:30","mcgeecheryl@example.org","4177840278237","Miss Amanda Thompson",False,True,False,"1996-01-28","male",True,"2025-12-02 13:53:01+05:30","1.0.0","doctor","active",NULL,NULL,False,False,"+91"
"pbkdf2_sha256$720000$cgaK1j3oeZcH4Xr9$7exJFsWM6FPcA1oZgYizPQ72YqnecfkWw+uvhPHXBUM=",NULL,"c518f06f-c19b-45f1-a064-99f999c408f7","2025-11-08 20:52:44+05:30","2025-12-01 15:20:24+05:30","lisa03@example.com","4084263819845","James Mays",False,True,False,"1962-09-26","other",True,"2025-11-08 20:52:44+05:30","1.0.0","doctor","active",NULL,NULL,False,False,"+91"
"pbkdf2_sha256$720000$nCBLjRDfPp8sAB4n$nJxe8d5VVhbptpG/01KkDGbX1zWPtyJru+ZXpA3FwEQ=",NULL,"88d5e895-830b-48d3-b6f2-94e61d53186a","2025-11-12 20:53:38+05:30","2025-11-30 16:33:52+05:30","brianthompson@example.org","8410898932778","Matthew Scott",False,True,False,"1998-02-23","female",True,"2025-11-12 20:53:38+05:30","1.0.0","doctor","active",NULL,NULL,False,False,"+91"
"pbkdf2_sha256$720000$8MjuAsgwz4Arsx3a$FXE3kfE20pl2a9Qo+QIze6KCvWpDjzcnQgjrwDNIRkQ=",NULL,"2f42945c-b752-49e4-a61b-163125c195ac","2025-12-07 09:11:30+05:30","2025-12-12 16:38:05+05:30","smoore@example.org","1338366359834","Lindsey Bradley",False,True,False,"1993-05-07","male",True,"2025-12-07 09:11:30+05:30","1.0.0","doctor","active",NULL,NULL,False,True,"+91"
"pbkdf2_sha256$720000$4Y9TdgrEvxO1qLmu$tFADKFKuNEGJAX4RPA6z/FNjcTZcPF7On4LmF3cUra8=",NULL,"580d1a69-e105-4edd-9813-b47ff9ffea9b","2025-11-07 04:51:06+05:30","2025-12-10 22:41:57+05:30","michael08@example.org","2238880620521","Dean Castillo",False,True,False,"1958-02-01","female",True,"2025-11-07 04:51:06+05:30","1.0.0","doctor","active",NULL,NULL,False,False,"+91"
"pbkdf2_sha256$720000$xUxNg8wAfXWuNk6G$vOSnAy/B2QSRLoq6eBO9vXa12aZaHodLCTc4NXpEtYk=",NULL,"638c83bc-f94f-4b4e-80a3-5072ecb0a739","2025-12-13 10:02:55+05:30","2025-12-24 22:44:32+05:30","tinasingleton@example.org","3012160641895","Michelle Wood",False,True,False,"1967-08-01","other",True,"2025-12-13 10:02:55+05:30","1.0.0","doctor","active",NULL,NULL,False,False,"+91"
"pbkdf2_sha256$720000$adwRrDYLUyrA/mDe$NoiHVSDpuwU6hOl8Lia4BXWeDN3a9xV8/QuzGie7E8M=",NULL,"4a5c7288-9488-4a5f-a4a3-dcdfff380c81","2025-11-13 17:19:55+05:30","2025-12-21 11:00:44+05:30","ralph43@example.com","1444050475303","Rebecca Conrad",False,True,False,"1991-04-13","other",True,"2025-11-13 17:19:55+05:30","1.0.0","doctor","active",NULL,NULL,True,True,"+91"
"pbkdf2_sha256$720000$EM/sBpvq7N9Hw6TM$7aIMjnBKP4XPC5s5ehSsRVTYDpgOXSoCniXFnctNIC0=",NULL,"7f64fda4-6333-47fa-ad5c-cba6f7f09219","2025-12-24 11:20:35+05:30","2025-12-24 12:44:16+05:30","powellshelly@example.org","0687893312650","Justin Bradford",False,True,False,"2005-03-21","male",True,"2025-12-24 11:20:35+05:30","1.0.0","doctor","active",NULL,NULL,True,False,"+91"
"pbkdf2_sha256$720000$DC2+ZlL8vA2Ug1zT$0mkp1bgYSyL1tKdNw/zWD6naaG5t8CjIRVoGTEP/ayo=",NULL,"c17fe1ee-4074-4146-a112-ccd00fe3d527","2025-11-23 02:43:14+05:30","2025-12-15 01:19:48+05:30","nealjeffrey@example.org","2195869795604","Cameron Hall",False,True,False,"1945-05-29","female",True,"2025-11-23 02:43:14+05:30","1.0.0","doctor","active",NULL,NULL,False,True,"+91"
"pbkdf2_sha256$720000$8p1jbZU8BWs1HQTz$2DW54w/WLTMF3h3NPPKPrZxpzDTZJFi//xh8vAZYvKQ=",NULL,"6f652814-63cc-489c-be35-bc74f23c84d8","2025-12-20 00:02:38+05:30","2025-12-21 02:28:41+05:30","riverasusan@example.org","8335327457683","Kevin Hatfield",False,True,False,"1988-07-07","male",True,"2025-12-20 00:02:38+05:30","1.0.0","doctor","active",NULL,NULL,True,True,"+91"
"pbkdf2_sha256$720000$sUX1qqzRQZIKC8MD$Px7RTJPrkGNA/JNyhTXeNXE+noIVpIRqUwp9V9e7aFs=",NULL,"528e6e9f-354e-433d-87fc-dca2a98e4b6b","2025-11-14 19:21:21+05:30","2025-12-18 15:20:05+05:30","bryan60@example.net","1748409602440","Pamela Mcneil",False,True,False,"1958-07-21","other",True,"2025-11-14 19:21:21+05:30","1.0.0","doctor","active",NULL,NULL,True,True,"+91"
"pbkdf2_sha256$720000$rGi58kg9CQs82S/Z$yLmIO41feUwyBvNGcAgu+zKZGwskRHjSrDEBvbVPEjk=",NULL,"0a42a1a9-929e-4789-9959-3a83ff3c819f","2025-12-19 21:46:44+05:30","2025-12-20 06:09:15+05:30","brianhernandez@example.net","0500615878563","William Simon",False,True,False,"1987-03-29","other",True,"2025-12-19 21:46:44+05:30","1.0.0","doctor","active",NULL,NULL,False,False,"+91"
"pbkdf2_sha256$720000$AXq+R+CmKz7B5yQA$HrUPD7x+wshkKLHKHZeE1yRctJ9cVA5S/Jm4REHMFec=",NULL,"2941f141-8c41-4520-9028-6dc567916a18","2025-12-16 06:24:47+05:30","2025-12-20 21:32:25+05:30","brianallen@example.com","8292736956022","Vincent Zavala",False,True,False,"1991-02-03","male",True,"2025-12-16 06:24:47+05:30","1.0.0","doctor","active",NULL,NULL,False,True,"+91"
"pbkdf2_sha256$720000$3hD4dzBKdoJXsbDY$GOKi/mGI/qbAsGHMCP2A8fA6KCZzCdFZ7vTIHvXi0m0=",NULL,"d0110463-96f0-41f2-ad4c-ea4f6b93468a","2025-11-19 17:31:33+05:30","2025-12-07 22:39:14+05:30","michael51@example.net","4894855737556","Nichole Miller",False,True,False,"1963-04-07","other",True,"2025-11-19 17:31:33+05:30","1.0.0","doctor","active",NULL,NULL,False,True,"+91"
"pbkdf2_sha256$720000$J/HvhtiJKArhVxjE$fpqnaaw9LHTnbUbbQK0bgK6c19TAOWgoEt3IX67By4w=",NULL,"bc39c9e4-b9f5-4fce-b222-55d5c4da5da6","2025-11-17 00:42:49+05:30","2025-12-19 07:12:53+05:30","flowerskristen@example.org","2319943522897","Brian Frye Jr.",False,True,False,"1975-05-19","male",True,"2025-11-17 00:42:49+05:30","1.0.0","doctor","active",NULL,NULL,False,False,"+91"
"pbkdf2_sha256$720000$VWfQX+ZajPsdJFJ/$agqStGVWGgrH71R7t+HrKUEY2m5dP4Ub90JsBdPuKbA=",NULL,"023dfe80-7931-4bb4-a641-5ce7419b7980","2025-12-25 00:48:18+05:30","2025-12-25 00:56:58+05:30","elainegreen@example.com","4538672440629","Anna Harrison",False,True,False,"1958-05-07","female",True,"2025-12-25 00:48:18+05:30","1.0.0","doctor","active",NULL,NULL,True,True,"+91"
"pbkdf2_sha256$720000$kdH5ysGIoGOaGrdM$fSdGTFfBgfifcmcqLhFbAai8jQc4wPD6aEC/flAO8fU=",NULL,"4bc7086d-c548-49e6-919a-601c1be95c01","2025-12-06 16:03:30+05:30","2025-12-13 19:48:29+05:30","jeffrey38@example.com","0365380953256","Shawn Hunt",False,True,False,"1977-08-30","female",True,"2025-12-06 16:03:30+05:30","1.0.0","doctor","active",NULL,NULL,False,True,"+91"
"pbkdf2_sha256$720000$jm6oSD+yRCQ/yGOs$+ynfscFYJLL6m8n57pixhLz2WdaxKs8teb5h1jqYVIk=",NULL,"c714a151-508d-40b3-9e4d-a408b023afdb","2025-11-05 08:57:36+05:30","2025-11-20 23:34:05+05:30","bennettashley@example.org","8459054462132","Carol Knox",False,True,False,"1954-06-01","other",True,"2025-11-05 08:57:36+05:30","1.0.0","doctor","active",NULL,NULL,True,False,"+91"
"pbkdf2_sha256$720000$fnYFKKXvWP9XHvRq$P9nX3pbFcd3/FNOE8mr5FoZx9LCpEZ7TlG6LQwZxlC0=",NULL,"4bd3b21e-edd0-447d-ae9f-77c78be3d3ca","2025-11-29 18:01:39+05:30","2025-12-09 10:13:05+05:30","sheltonedward@example.com","6652828844613","Anita Barker",False,True,False,"1983-11-27","male",True,"2025-11-29 18:01:39+05:30","1.0.0","doctor","active",NULL,NULL,False,False,"+91"
"pbkdf2_sha256$720000$xCjpduUgN8N+mh5g$ctwSa23UIPOKbrqNNdTlaDYqmE6oseSG985JKJawQxs=",NULL,"1bac51df-a83b-45c4-87b7-68e1333d7f7f","2025-12-22 10:37:27+05:30","2025-12-23 18:46:13+05:30","codyroth@example.com","2593456940853","Edward Long",False,True,False,"1995-06-17","female",True,"2025-12-22 10:37:27+05:30","1.0.0","doctor","active",NULL,NULL,True,False,"+91"
"pbkdf2_sha256$720000$7TL9G4ut8yTSKpDY$s4/RMKoZmKe1Iadl2tJUkkR7pHNSjLX8EFVpKZyw5Hk=",NULL,"c047334b-697d-48e2-a02c-9934433091a4","2025-11-26 07:23:34+05:30","2025-12-12 06:47:08+05:30","mark17@example.net","1491408468273","Terri Harrison",False,True,False,"1948-09-09","male",True,"2025-11-26 07:23:34+05:30","1.0.0","doctor","active",NULL,NULL,False,False,"+91"
"pbkdf2_sha256$720000$/Ieip0M1ivWQxPfe$TVMXSOs0WR8lpigvdANg1mpwxA4KBIaPtkZacBMa0NA=",NULL,"6168af9a-a3a8-4b00-950c-890c22ec9fae","2025-12-05 20:03:13+05:30","2025-12-23 13:24:45+05:30","qmathis@example.net","8575067212461","David Kirby",False,True,False,"1976-06-24","male",True,"2025-12-05 20:03:13+05:30","1.0.0","doctor","active",NULL,NULL,False,True,"+91"
"pbkdf2_sha256$720000$lfaVU0JvaFWmSV+y$aKXr8Hib5El9+N8m1SB1W6NxAF/cjEVoWQnLqN6NWyw=",NULL,"43290a2a-6c08-4e32-8371-911ee5a0706e","2025-12-22 21:48:10+05:30","2025-12-24 18:56:32+05:30","richard79@example.org","1200274430409","William Williams",False,True,False,"1980-09-29","other",True,"2025-12-22 21:48:10+05:30","1.0.0","doctor","active",NULL,NULL,False,False,"+91"
"pbkdf2_sha256$720000$DI61XozbUp/oqN2c$l07VKr7OLsWCIg0vqNJC2PX6DtsokRvnf3JjLyohgPU=",NULL,"4269266e-58da-4da1-9a25-e544f5c2bbb7","2025-11-26 01:46:40+05:30","2025-12-07 13:55:20+05:30","michael35@example.net","7265398376120","Jerry Monroe",False,True,False,"1951-05-22","other",True,"2025-11-26 01:46:40+05:30","1.0.0","doctor","active",NULL,NULL,True,True,"+91"
"pbkdf2_sha256$720000$ha6cSxL/lDw3+QPb$tSPF269y9bmHPmFKIwQ0RGTWaZF6o5R3LpntZK9RpxI=",NULL,"b5c6221a-e42f-4070-ad5c-ef0484ffdc43","2025-11-10 23:27:28+05:30","2025-11-28 08:39:36+05:30","teresathompson@example.com","0543782680032","Teresa Lewis",False,True,False,"1947-02-22","female",True,"2025-11-10 23:27:28+05:30","1.0.0","doctor","active",NULL,NULL,True,True,"+91"
"pbkdf2_sha256$720000$AyOzoTNO98fqSEpV$pKZt9WqKSyWgkF3LqiBQlPJflO/C2zNGFrTh9ztFCrU=",NULL,"7c7a1b9f-82e2-48c5-834a-130ef8a91838","2025-12-10 13:27:34+05:30","2025-12-16 18:23:48+05:30","hughesjacob@example.net","2794493787272","Molly Anderson",False,True,False,"1982-05-14","female",True,"2025-12-10 13:27:34+05:30","1.0.0","doctor","active",NULL,NULL,False,True,"+91"
"pbkdf2_sha256$720000$SkSRWM0cFliVH2PE$k0FJhev6FxQrYUBJ9Km18IYYUB1JVlIjCD0Xs6qLYKM=",NULL,"ef1961e4-7b19-4100-b78d-6be7fc758a4a","2025-11-21 06:44:21+05:30","2025-12-12 17:02:01+05:30","patrickbush@example.com","7381823378610","Sean Castillo",False,True,False,"1981-03-12","female",True,"2025-11-21 06:44:21+05:30","1.0.0","doctor","active",NULL,NULL,True,False,"+91"
"pbkdf2_sha256$720000$QMmTmLJrUx+m6MOo$2AGn/mavdzjxkCVuFUoDFyqUfZpBS2dlz3+f/75LnC4=",NULL,"0b79cc70-1982-4c43-8a52-0a1801585e2e","2025-11-26 04:15:48+05:30","2025-12-22 01:22:55+05:30","jessewalker@example.org","7205220501741","Robert White",False,True,False,"2007-12-08","other",True,"2025-11-26 04:15:48+05:30","1.0.0","doctor","active",NULL,NULL,False,False,"+91"
"pbkdf2_sha256$720000$iGKUCBLOTKsuNxC4$AK1WWy5T8GwaRTHx/XL7hR/9MQORsFRh1ubBHADcTLs=",NULL,"5a335c14-402c-4f39-be6a-c02bab2b4732","2025-11-26 23:35:51+05:30","2025-12-09 00:45:23+05:30","mindyjensen@example.com","9848839864944","Rachel Reynolds",False,True,False,"1948-09-15","other",True,"2025-11-26 23:35:51+05:30","1.0.0","doctor","active",NULL,NULL,True,True,"+91"
"pbkdf2_sha256$720000$FyBetlhRnJpambx0$H6rPGjp3TfFWGwtMnB6tOVHdTgao4wEHnoFnTOasgZw=",NULL,"52385f78-0ca3-43ec-9af5-19dd7654815b","2025-12-14 15:26:17+05:30","2025-12-22 21:25:58+05:30","caitlinsloan@example.net","9416968965671","James Sharp",False,True,False,"1975-12-06","male",True,"2025-12-14 15:26:17+05:30","1.0.0","doctor","active",NULL,NULL,True,False,"+91"
"pbkdf2_sha256$720000$1gRKHqDH5CopxdeQ$mOwueHW1KhacnQ9UQZjqqTdgiI9/dAeEc9ZpldJGIZE=",NULL,"74f620f6-05fb-423d-9588-53e206219172","2025-11-22 19:44:47+05:30","2025-12-04 22:48:24+05:30","rachel38@example.org","9181915213634","Jon Lara",False,True,False,"1979-11-01","female",True,"2025-11-22 19:44:47+05:30","1.0.0","doctor","active",NULL,NULL,True,True,"+91"
"pbkdf2_sha256$720000$IwO2vOd2RMuWw+CQ$9eQGXzVmG8qKLUFmJU5y7cDIByVgo0yagEa9K1Fpxj8=",NULL,"a2fc224c-00ff-4956-8ebf-0e743afa8d91","2025-12-10 21:36:36+05:30","2025-12-18 21:04:36+05:30","codygriffith@example.org","4186133766730","Robert Elliott",False,True,False,"1949-12-27","male",True,"2025-12-10 21:36:36+05:30","1.0.0","doctor","active",NULL,NULL,True,False,"+91"
"pbkdf2_sha256$720000$VJMrAn3dibxz+LzV$AhoXsHT94j20Bi88634onEEdhVfXi1Cqtqxc41/9lrw=",NULL,"72e95fd0-a5e3-496e-9b8d-675a11071e37","2025-12-02 15:24:26+05:30","2025-12-21 15:14:30+05:30","ebarr@example.net","5837231216823","Elizabeth Hill",False,True,False,"1955-07-15","other",True,"2025-12-02 15:24:26+05:30","1.0.0","doctor","active",NULL,NULL,False,False,"+91"
"pbkdf2_sha256$720000$ZBuvh/gycgD4rLaI$pWqDBJEkGOUj/O7A5bA580LFPuc308feKDLljDN2wRY=",NULL,"76f7f6b2-7876-4686-9d1b-2735af49f542","2025-11-21 14:40:51+05:30","2025-12-12 06:38:38+05:30","wandamitchell@example.com","5463187531208","Scott Gates",False,True,False,"1973-08-09","female",True,"2025-11-21 14:40:51+05:30","1.0.0","doctor","active",NULL,NULL,False,True,"+91"
"pbkdf2_sha256$720000$/wqEWRdkKOpgamaf$RKw5Si8edGynM3oJtd1TSVQgDaSZpwygOY+LbSuCpgM=",NULL,"36bae979-cd56-4565-a06f-08584ad94ca1","2025-12-15 11:14:07+05:30","2025-12-19 03:39:23+05:30","jeffrey90@example.com","8481317497055","Mrs. Ann Kelley MD",False,True,False,"1990-09-10","other",True,"2025-12-15 11:14:07+05:30","1.0.0","doctor","active",NULL,NULL,False,False,"+91"
"pbkdf2_sha256$720000$2Gw9j/IoigzCJeSD$s+7xQ6iUdLiwZmBuD6dYuB8+1xLFvSwRYMBN7V4J4A4=",NULL,"f241e2b7-60db-4d4d-af8f-039c85552c01","2025-12-20 18:30:08+05:30","2025-12-21 09:19:33+05:30","hvelez@example.org","4651841561243","Calvin Martin",False,True,False,"1947-03-30","female",True,"2025-12-20 18:30:08+05:30","1.0.0","doctor","active",NULL,NULL,False,True,"+91"
"pbkdf2_sha256$720000$bSUeoAYdOl+Bkdyj$SDIZvvRnNO67b3qSih8/TpvL9wHOcU14a0Q/0p5YqqQ=",NULL,"4dc8c4a6-3996-49bd-8ac8-c1be5e9181d6","2025-11-07 06:25:19+05:30","2025-11-17 09:55:33+05:30","kimberly13@example.org","5170843146327","Jenny Ortiz",False,True,False,"1961-11-26","male",True,"2025-11-07 06:25:19+05:30","1.0.0","doctor","active",NULL,NULL,True,True,"+91"
"pbkdf2_sha256$720000$gJRfMU1nuFI5uk7B$eSX339hf6VKs7AVyp22XdrGFsX1Q1ups5KQ44tONHEk=",NULL,"d7759fc6-ab3e-499e-9d22-972094fc09f7","2025-11-10 18:36:24+05:30","2025-12-09 08:47:20+05:30","daniel44@example.net","1655058891061","David Wright",False,True,False,"1990-10-20","male",True,"2025-11-10 18:36:24+05:30","1.0.0","doctor","active",NULL,NULL,True,False,"+91"
"pbkdf2_sha256$720000$LKnDaQ9MmJKBuzlW$kSamByZ8xmXAf5maLA6TPWSbT9Ge4T80kt/PMGoYVEY=",NULL,"3ec8b4de-2b64-48b3-a758-8e88715d9718","2025-11-25 03:59:24+05:30","2025-11-26 00:51:02+05:30","sheila14@example.org","5220211150115","Candace Cole",False,True,False,"1996-06-15","female",True,"2025-11-25 03:59:24+05:30","1.0.0","doctor","active",NULL,NULL,False,False,"+91"
"pbkdf2_sha256$720000$nm06iTW3cVjgb0V3$bRGMSjkJ+eN0MWSgAwOPBZDyT8kYfENL6XV7gii5km0=",NULL,"a0952b70-d64a-480b-a518-a2286b6fd247","2025-12-19 05:10:45+05:30","2025-12-20 09:05:50+05:30","julie60@example.org","8822337940970","James Gray",False,True,False,"1947-08-25","other",True,"2025-12-19 05:10:45+05:30","1.0.0","doctor","active",NULL,NULL,True,True,"+91"
"pbkdf2_sha256$720000$CeS4VUwcWv2Qi4mQ$0jXfB350gXWkTG1E/Fdvib+Wh3lU3Vqk7cJO1D4y3Fg=",NULL,"ff6fa8c8-49dc-40ef-a3d4-4ce6d76bd843","2025-11-12 07:34:36+05:30","2025-11-30 15:42:10+05:30","lthompson@example.com","9224755826507","Brittney Chang",False,True,False,"1970-03-25","male",True,"2025-11-12 07:34:36+05:30","1.0.0","doctor","active",NULL,NULL,False,False,"+91"
"pbkdf2_sha256$720000$sJovWm40woq9sZwq$uyXGOgqIw3Rb+GAPFP/jyWfOlSlBtHm1DS6nehXUEO4=",NULL,"d86f475b-ce02-4a58-bd6a-f7541b9424f0","2025-11-29 18:43:02+05:30","2025-12-19 18:16:51+05:30","roblesgilbert@example.com","5238768341115","Danielle Sanders",False,True,False,"1988-09-16","male",True,"2025-11-29 18:43:02+05:30","1.0.0","doctor","active",NULL,NULL,True,True,"+91"
"pbkdf2_sha256$720000$jtyvyFP12mduPWBz$w4J6SW21FYI9RjcKLKB9WMVVVKD6I1/M3A8RrlCDYUg=",NULL,"c35deedb-b9d3-444e-ab04-3301ffaaa552","2025-12-16 21:53:30+05:30","2025-12-19 17:16:04+05:30","ruizmichelle@example.com","3499552600795","Kerry Holmes",False,True,False,"2006-01-01","male",True,"2025-12-16 21:53:30+05:30","1.0.0","doctor","active",NULL,NULL,False,True,"+91"
"pbkdf2_sha256$720000$SnI9mLoSoqBBwLQ9$8iLSDvjNpiVXVIE/J4+dMA86mKNeu3fzflWqwN8Jels=",NULL,"6cad9478-37b6-4b87-ae88-5f2499638068","2025-11-29 02:37:37+05:30","2025-12-15 05:24:44+05:30","mobrien@example.net","2463556118594","Jocelyn Douglas",False,True,False,"2002-10-03","male",True,"2025-11-29 02:37:37+05:30","1.0.0","doctor","active",NULL,NULL,False,False,"+91"
"pbkdf2_sha256$720000$S5VGwLLw/WbHaLDt$vEVUSoUGSKKSS7DsZjoCTPYglk8rutlACOgyKmBGEo4=",NULL,"8e8abcf5-8150-44c4-b845-0a5e23ab6794","2025-12-10 12:23:56+05:30","2025-12-24 01:01:19+05:30","russell30@example.net","2457756127900","Jessica Clay",False,True,False,"2005-12-26","female",True,"2025-12-10 12:23:56+05:30","1.0.0","doctor","active",NULL,NULL,True,False,"+91"
"pbkdf2_sha256$720000$LhNOjQo0JDs4pETv$NOi+iJ7wvudftknHTkW3tQ928gpfyIXqho/GOyan4Cc=",NULL,"25315dad-a733-4e2a-8e7d-7f2e1cb79781","2025-11-21 00:08:19+05:30","2025-12-22 09:37:37+05:30","smithjocelyn@example.com","8076058130538","Thomas Morrow",False,True,False,"1959-02-27","female",True,"2025-11-21 00:08:19+05:30","1.0.0","doctor","active",NULL,NULL,True,True,"+91"
"pbkdf2_sha256$720000$9//aNkHHQFDvzOQS$FJnuQXRR2qsAfkwPFGm0bjAs7w24W0vWUgB8axILK7s=",NULL,"bc1aa582-708b-4f0b-a4aa-a5058e35efd2","2025-11-12 05:12:29+05:30","2025-11-21 20:50:42+05:30","kathleensalazar@example.net","9213618452569","Jill Turner",False,True,False,"1958-08-07","male",True,"2025-11-12 05:12:29+05:30","1.0.0","doctor","active",NULL,NULL,False,True,"+91"
"pbkdf2_sha256$720000$kqy2WF7QQJL7HduD$WhTeZnBk8fnyKJxhO6FButRrXhQdDmc4xX8S3cTXmzc=",NULL,"b6580d42-8695-4a64-aef5-8ec0dff0a05f","2025-12-10 22:50:13+05:30","2025-12-23 16:19:44+05:30","mary08@example.com","2049737485870","Dustin Bennett",False,True,False,"1986-08-11","other",True,"2025-12-10 22:50:13+05:30","1.0.0","doctor","active",NULL,NULL,False,True,"+91"
"pbkdf2_sha256$720000$QDJPwXKr8t2b9SRH$Vlpx6mXALdc1Wq+4PEky7KWQa++YBfNbwKxzy15SFSs=",NULL,"8e947d22-c8df-4029-a752-5435f2861621","2025-12-22 23:37:31+05:30","2025-12-23 03:38:17+05:30","russellbrittney@example.net","7534315012435","Christopher Braun",False,True,False,"1979-05-18","other",True,"2025-12-22 23:37:31+05:30","1.0.0","doctor","active",NULL,NULL,False,False,"+91"
"pbkdf2_sha256$720000$rVGwrSQlfueQ6j46$E68lBs9kPSvnCnu162c0QaIut4VajNyX1wAP2i76gNY=",NULL,"530cc5a3-99b8-45de-b6e2-b4f8e992ab45","2025-11-18 05:10:47+05:30","2025-12-13 22:29:42+05:30","david89@example.org","0406237011114","Paul Taylor",False,True,False,"1958-08-01","other",True,"2025-11-18 05:10:47+05:30","1.0.0","doctor","active",NULL,NULL,False,False,"+91"
"pbkdf2_sha256$720000$xzLsUpKCQKRZoPUu$t0MmuH1ldf40GaNFjQRcfBagNocT+CC+2lV1OcN4yiA=",NULL,"28938fce-43ce-424c-a9d2-f8ebc1fa2f3a","2025-12-02 22:59:49+05:30","2025-12-23 21:09:53+05:30","cory49@example.com","1790081962968","Brandon King",False,True,False,"1957-01-08","female",True,"2025-12-02 22:59:49+05:30","1.0.0","doctor","active",NULL,NULL,False,False,"+91"
"pbkdf2_sha256$720000$ocvhVds6b395pxdE$UI49tnBgp008zqZ01+nEYML+Ln/DhkBcR2gIyNX/iY0=",NULL,"6540d775-60a5-4f00-a29d-cef775f34ca2","2025-11-07 03:43:04+05:30","2025-12-23 22:42:06+05:30","ehickman@example.com","4545084216537","Sean Thompson",False,True,False,"1994-04-17","male",True,"2025-11-07 03:43:04+05:30","1.0.0","doctor","active",NULL,NULL,False,True,"+91"
"pbkdf2_sha256$720000$gHhawWOpF1IGJcFO$8uFnNOD/tRI+5sicZJwye+43F2Xqzqqh+bgPaFPNVm8=",NULL,"db4ef4ba-09b8-4d00-870b-01efa3023180","2025-11-14 09:34:40+05:30","2025-11-15 08:35:39+05:30","stephanie25@example.com","7010080037324","David Lawrence",False,True,False,"2005-10-01","other",True,"2025-11-14 09:34:40+05:30","1.0.0","doctor","active",NULL,NULL,False,False,"+91"
"pbkdf2_sha256$720000$GWn0NFBpqP4aR//m$WM8NbEqhFacMPA6m6p+h2pLPMeWIKaGeVfs4+tGI/1A=",NULL,"ba014f7d-f76e-4a98-89f3-a03de01675c3","2025-11-13 09:24:59+05:30","2025-12-10 11:38:08+05:30","nancyallen@example.org","2815843549710","Leah Bailey",False,True,False,"1960-08-26","other",True,"2025-11-13 09:24:59+05:30","1.0.0","doctor","active",NULL,NULL,True,False,"+91"
"pbkdf2_sha256$720000$BBb9UbcuLQq9u9TL$mrjPbiTmNZPv0c6EbWSodAwLP9CS1WlasFyDnY6reJ4=",NULL,"11d9dfce-65a9-42e8-a333-fb1d6513cb66","2025-11-28 05:55:58+05:30","2025-12-05 15:42:08+05:30","jonesnathan@example.org","0784941084226","Bianca Parker",False,True,False,"1968-05-19","female",True,"2025-11-28 05:55:58+05:30","1.0.0","doctor","active",NULL,NULL,False,True,"+91"
"pbkdf2_sha256$720000$2vBPoO5QBiyP7bY2$viM/NhJJz4UaS+ug072Ss0opV8OF6yHhu0Zrsax7+TA=",NULL,"95c9fde2-8706-4aa3-b1bf-d9f9326a6ee5","2025-12-06 21:18:38+05:30","2025-12-10 17:05:28+05:30","eflores@example.com","7542042445936","Amy Mclaughlin",False,True,False,"1966-04-26","female",True,"2025-12-06 21:18:38+05:30","1.0.0","doctor","active",NULL,NULL,True,False,"+91"
"pbkdf2_sha256$720000$FviFisghckiTwZJ/$HYou3ZoM+F5UO/Vqq5Vwt/0AwKMcG3ZgaHVoqgArX9U=",NULL,"6dc0a3af-f76b-4d5f-b9b0-38d2c81f51e5","2025-12-01 03:19:51+05:30","2025-12-23 14:22:01+05:30","kimberlyandrade@example.com","3972734570393","Kimberly Nguyen",False,True,False,"1992-07-26","female",True,"2025-12-01 03:19:51+05:30","1.0.0","doctor","active",NULL,NULL,False,False,"+91"
"pbkdf2_sha256$720000$+86AxgbDvwhfUk3J$Dc6YVG1Rvmk6IzJ1K58cIFUQ7qUwilNjdfqUYSqbEfg=",NULL,"c2b65f58-9e86-45e7-8dc4-7a6b94d3f9c5","2025-11-08 14:19:33+05:30","2025-12-19 13:48:16+05:30","daviserica@example.org","8324869504055","Jill Sanchez",False,True,False,"1964-03-12","female",True,"2025-11-08 14:19:33+05:30","1.0.0","doctor","active",NULL,NULL,True,True,"+91"
"pbkdf2_sha256$720000$eyPtKEPrlfyHBWx9$nwNp2YWIOk6zcC1tlcG9Wvdct6ykeQOwuK00lhlA20I=",NULL,"7a5c1879-f83e-4f1a-bdb9-a41ca74361bc","2025-12-20 22:26:06+05:30","2025-12-23 10:11:58+05:30","erichardson@example.com","1016490816232","Joshua Johnson",False,True,False,"1950-12-11","other",True,"2025-12-20 22:26:06+05:30","1.0.0","doctor","active",NULL,NULL,True,True,"+91"
"pbkdf2_sha256$720000$hfmxalb0ErYFITYT$cf1ZHeKWqsiIQs7R37Jb2HZyAwy8hiM7g+baGgu0ZLQ=",NULL,"9f7d9379-afe8-41b3-a3eb-ccbb95f49feb","2025-11-05 12:21:13+05:30","2025-11-14 02:28:45+05:30","michael04@example.org","3471773659902","James Lewis",False,True,False,"2007-08-12","other",True,"2025-11-05 12:21:13+05:30","1.0.0","doctor","active",NULL,NULL,False,False,"+91"
"pbkdf2_sha256$720000$1au6FUlC4iBpqEhF$ffhwFmNUfkMIkJpIahknyaLdnszp/lWCReyYJmhQ3wA=",NULL,"00feed6b-3df1-42c6-ba6d-88df8233394f","2025-11-29 19:04:10+05:30","2025-12-16 02:53:27+05:30","rsnyder@example.net","8425014489345","Carol Hernandez",False,True,False,"1994-10-15","other",True,"2025-11-29 19:04:10+05:30","1.0.0","doctor","active",NULL,NULL,False,True,"+91"
"pbkdf2_sha256$720000$apWSu376xrK/+UQ8$emkagzFVt1Ga2CUpTOGdahW3I0jva1/jy29+lTfNYoM=",NULL,"fb7ce335-2c2e-4c59-bf38-b75af7951291","2025-11-29 09:19:40+05:30","2025-12-11 18:03:54+05:30","april62@example.com","8440317742204","Yolanda Davis",False,True,False,"1997-12-22","male",True,"2025-11-29 09:19:40+05:30","1.0.0","doctor","active",NULL,NULL,True,True,"+91"
"pbkdf2_sha256$720000$6LFEF8Ym6nJ+2PFZ$o5EJJsNe8E5jhOEFeOu0Fuz73hbFK9OHSsi5y6JDrxc=",NULL,"c34dd547-8b1b-49d7-b61e-ab4968a68979","2025-12-12 10:54:26+05:30","2025-12-21 18:14:40+05:30","randall94@example.org","9666287985056","Kelly Moreno",False,True,False,"2003-06-03","other",True,"2025-12-12 10:54:26+05:30","1.0.0","doctor","active",NULL,NULL,False,False,"+91"
"pbkdf2_sha256$720000$lYXwr/+ik6e6b5ys$uruGNZ6QDZLjC3aqkf2vPa0IR+I6dmv+w5L5P5OZjzc=",NULL,"8b97f62e-a55c-48b6-b65b-d1af3ac8b7e3","2025-12-01 19:23:41+05:30","2025-12-06 17:52:54+05:30","davidsonstephanie@example.com","3912343006954","Lisa Parks",False,True,False,"2004-04-30","other",True,"2025-12-01 19:23:41+05:30","1.0.0","doctor","active",NULL,NULL,False,False,"+91"
"pbkdf2_sha256$720000$HLFStOhy9Qtkm9MX$qbGReqgDnR+L9xnZrmddfDi54dljE035XkPOb/JIijc=",NULL,"798b3ab9-1ae8-40a2-ae24-5f5967402de2","2025-11-13 17:54:37+05:30","2025-11-21 05:00:31+05:30","lwilliams@example.org","3492571935461","Paul Barrett",False,True,False,"1950-08-26","other",True,"2025-11-13 17:54:37+05:30","1.0.0","doctor","active",NULL,NULL,False,False,"+91"
"pbkdf2_sha256$720000$iGD2cR+lprazO1la$IsUl9FvZNuDO6SV6rcZnQ9e5U+8a01BNTCU7mC8Uns8=",NULL,"1e1304ef-24dc-44a5-a3ed-1bc391d275ec","2025-11-06 13:01:27+05:30","2025-12-17 13:41:56+05:30","samuelwilliams@example.net","3188695216104","Patrick Mcmahon",False,True,False,"1986-10-26","male",True,"2025-11-06 13:01:27+05:30","1.0.0","doctor","active",NULL,NULL,True,True,"+91"
"pbkdf2_sha256$720000$oemiknwEXZm2fUqN$ryU9XMjqUFM5/SmWh4v9pfIv9DYMF4r8tH7d/v1p7As=",NULL,"66871fce-1cab-4ec0-8a46-3f984f05ab62","2025-12-02 06:51:24+05:30","2025-12-04 20:03:54+05:30","opatel@example.org","1888015485277","Glenn Moss",False,True,False,"1985-12-19","male",True,"2025-12-02 06:51:24+05:30","1.0.0","doctor","active",NULL,NULL,True,False,"+91"
"pbkdf2_sha256$720000$OpQF13skka4j1zHs$URVklrTuwJ4IIy4Y6Z0lFybVqoPs2u7Wa+msUE3/6n0=",NULL,"c3ccb3e0-9e14-4ee5-b362-3f00e5ece98e","2025-11-20 18:39:12+05:30","2025-11-23 14:27:38+05:30","smithshaun@example.org","0960090463101","Rebecca Webb",False,True,False,"1949-04-11","other",True,"2025-11-20 18:39:12+05:30","1.0.0","doctor","active",NULL,NULL,False,False,"+91"
"pbkdf2_sha256$720000$CMfq0qxNOlJ83Qsg$v9Qgc41sks6c0inTkSxY8RrwdmFiTczQ+xq1ugU1jXE=",NULL,"930574dc-8a51-4c9d-a17f-abf89bf794ee","2025-11-09 10:43:37+05:30","2025-12-22 00:15:35+05:30","ischaefer@example.net","5534062410631","Julie Baldwin",False,True,False,"1967-10-22","female",True,"2025-11-09 10:43:37+05:30","1.0.0","doctor","active",NULL,NULL,False,False,"+91"
"pbkdf2_sha256$720000$UXkmL/7JRzSx5klw$2vTghvwIARBVlRfIWlLc8Y8aSUGMwWScvwFNZw631Aw=",NULL,"67f50c0e-3bb3-4373-84bb-d34d6c7a703b","2025-11-27 01:48:21+05:30","2025-12-22 12:49:15+05:30","thomas04@example.com","8177818047277","Veronica Becker",False,True,False,"1965-04-10","other",True,"2025-11-27 01:48:21+05:30","1.0.0","doctor","active",NULL,NULL,True,False,"+91"
"pbkdf2_sha256$720000$uJpZhf+p3wr2tbEZ$yK76P0z6CnPMR/2kjKYU7AGYdb2E4IiuegSagBoedNo=",NULL,"16339087-c3cc-4f62-bfea-144b1e3122cf","2025-12-13 01:49:22+05:30","2025-12-19 07:56:27+05:30","ebrown@example.org","6763646666856","Michael Mccarthy",False,True,False,"1967-08-24","male",True,"2025-12-13 01:49:22+05:30","1.0.0","doctor","active",NULL,NULL,False,False,"+91"
"pbkdf2_sha256$720000$KZjdLWtBy6uy3ZCs$Ku+o8F+CPHx5dtU+lnjS18C2ZEfRKHvTg2BhIUCKw/c=",NULL,"fc928e70-84a2-4467-830b-1ac4ae77d84c","2025-12-10 07:24:27+05:30","2025-12-17 03:28:23+05:30","ltaylor@example.org","3783685175762","Scott Walker",False,True,False,"1987-05-25","other",True,"2025-12-10 07:24:27+05:30","1.0.0","doctor","active",NULL,NULL,True,False,"+91"
"pbkdf2_sha256$720000$jkbKOQ9PBXtoJnOt$Umjf+i9mQnbIZV25Jz9eVuymdToSZfOO2K+1XhttKyM=",NULL,"63badd9e-8649-4c04-9ab1-708052816a1f","2025-11-06 10:32:28+05:30","2025-12-16 02:31:14+05:30","william03@example.com","2540593916147","Taylor Reed",False,True,False,"1971-02-10","female",True,"2025-11-06 10:32:28+05:30","1.0.0","doctor","active",NULL,NULL,False,True,"+91"
"pbkdf2_sha256$720000$O898RLf0GRLFDrHg$wS1ppRXb+LzsQaPl3xclrmspxXoL0r10JZ5gRT5ypX4=",NULL,"b16a1540-ce30-4c49-ac30-536eaac9dc55","2025-11-22 18:18:14+05:30","2025-11-27 21:32:08+05:30","reednicholas@example.com","6020688851661","Scott Rodriguez",False,True,False,"2006-09-03","male",True,"2025-11-22 18:18:14+05:30","1.0.0","doctor","active",NULL,NULL,False,True,"+91"
"pbkdf2_sha256$720000$/jzVd3tVFInwlSzt$ews81cMreIbAu5hkSXJC9m96Vryjgci+Ebx6Ag4udIw=",NULL,"60be2267-e7e0-435b-8de6-fce2dfb6e8f0","2025-12-22 00:31:29+05:30","2025-12-22 04:54:03+05:30","ewingrobert@example.org","9125294169312","Michael Holland",False,True,False,"1969-02-18","other",True,"2025-12-22 00:31:29+05:30","1.0.0","doctor","active",NULL,NULL,True,True,"+91"
"pbkdf2_sha256$720000$eYFl7gSP7cV9ceM4$MJilbbhSfviK++KeW77Xm4WyFhudrYtiCzr+cNYLkVk=",NULL,"df9b876c-5077-4dc9-804a-26826a851a55","2025-11-19 19:04:32+05:30","2025-11-30 03:41:52+05:30","steven71@example.net","3981196092235","Charles Williams PhD",False,True,False,"1947-11-21","other",True,"2025-11-19 19:04:32+05:30","1.0.0","doctor","active",NULL,NULL,True,True,"+91"
"pbkdf2_sha256$720000$TkupRDuHCJzlwZuK$lI4WAkMxT4VlkwfbVZc1I5KRUJSdOVrykbP6SydTZH0=",NULL,"f371a453-2d2a-4d20-a40b-385fe3a0060d","2025-12-18 13:01:36+05:30","2025-12-19 00:01:30+05:30","vicki72@example.net","6707391184415","Martin Wright",False,True,False,"1947-12-30","female",True,"2025-12-18 13:01:36+05:30","1.0.0","doctor","active",NULL,NULL,False,True,"+91"
"pbkdf2_sha256$720000$JZ38DX1BPnwhCe2Y$OpNWpTspn71AznMz6nZvK8leDGxje0VAbcgavzTxM48=",NULL,"21c9f219-e299-4f6d-bd8a-8ce7f15df60b","2025-12-08 06:38:31+05:30","2025-12-19 18:45:02+05:30","tsmith@example.net","7543047044935","Thomas Mclaughlin",False,True,False,"1975-05-24","female",True,"2025-12-08 06:38:31+05:30","1.0.0","doctor","active",NULL,NULL,True,False,"+91"
"pbkdf2_sha256$720000$K2Z6fy2b1yJZkMxY$9Npz+xUBrk3KAMsIPGCsuKSJXbonBUSUIXrNjpZnohE=",NULL,"56932234-bdf5-46e7-b523-5121f0b485d2","2025-11-18 21:27:50+05:30","2025-12-21 11:42:43+05:30","austin31@example.com","5834209798772","Johnathan Hines",False,True,False,"1966-01-26","male",True,"2025-11-18 21:27:50+05:30","1.0.0","doctor","active",NULL,NULL,False,False,"+91"
"pbkdf2_sha256$720000$iQuOz1WL7Vzuhw/K$3a1h3mTKxZRuZLZ6kxtstbjHpLws2vtAhy+iB9awSI4=",NULL,"0311519a-0031-4e32-adaf-652e58f0fa8b","2025-12-18 03:50:47+05:30","2025-12-18 12:13:58+05:30","ramosrichard@example.net","7022450580797","Rebecca Sanchez",False,True,False,"2003-12-31","male",True,"2025-12-18 03:50:47+05:30","1.0.0","doctor","active",NULL,NULL,True,False,"+91"
"pbkdf2_sha256$720000$Jfq3kTb89OWziAwA$rbppnRHs4l159jNBV+mFMZBxOSn8R2bHz65kn6XLEFw=",NULL,"bb010016-b9a8-4b8e-b59c-03fbe4dc168b","2025-12-23 12:00:04+05:30","2025-12-24 16:52:23+05:30","pyoung@example.org","9630069953793","Philip Osborne",False,True,False,"1966-03-24","other",True,"2025-12-23 12:00:04+05:30","1.0.0","doctor","active",NULL,NULL,False,True,"+91"
"pbkdf2_sha256$720000$NhewrbRq/8Pv2u27$bnVRhYYwq2yB3Ear+VnlCJyB7jXpDHEDf/ATGTcFm38=",NULL,"cc27bd7d-55ed-4429-8fc8-0eb2baa8afaf","2025-11-16 09:18:15+05:30","2025-11-23 22:43:42+05:30","morandylan@example.org","3300857523957","Michael Miller",False,True,False,"1978-03-09","male",True,"2025-11-16 09:18:15+05:30","1.0.0","doctor","active",NULL,NULL,False,True,"+91"
"pbkdf2_sha256$720000$kCY2sqvREkDujHZK$7JbHzkSwhRrQ8GypMmV8jyV6OFp39OeFYZ8Ec3PSh2U=",NULL,"aee1b75d-cf8d-4933-97eb-b9fde10624dd","2025-11-09 17:00:43+05:30","2025-12-21 19:50:38+05:30","bsullivan@example.net","6651690683416","Mr. Daniel Kline",False,True,False,"1980-03-27","male",True,"2025-11-09 17:00:43+05:30","1.0.0","doctor","active",NULL,NULL,True,False,"+91"
"pbkdf2_sha256$720000$370KXbIk1OQUD1gk$6Ayk9wL0VAA55o+m5wrKQKbEOiL/nBZuOjr/AVklPmA=",NULL,"e6693d04-51b4-4cca-8cc7-8f17d26b8a8c","2025-12-12 20:45:13+05:30","2025-12-19 04:41:07+05:30","bennettkimberly@example.com","4460864980838","Sarah Miranda",False,True,False,"1975-10-29","other",True,"2025-12-12 20:45:13+05:30","1.0.0","doctor","active",NULL,NULL,False,False,"+91"
"pbkdf2_sha256$720000$N4zt31fQBdHZwMjZ$V6VHv/bbo4MX+SUowhDdpSHeOtJg7j1bAq4T9cZ0zXw=",NULL,"f8473f90-8a15-4d63-93a8-71658f443cf9","2025-11-15 01:17:45+05:30","2025-12-15 14:33:37+05:30","hubbardtraci@example.com","1005593007424","Victoria Dunn",False,True,False,"1984-03-26","male",True,"2025-11-15 01:17:45+05:30","1.0.0","doctor","active",NULL,NULL,True,True,"+91"
"pbkdf2_sha256$720000$/QwG5dZBCkxPjqws$mcxn89HJFeDe/WAfLnZfc0m6kDu9eMR78hItdv4r/w0=",NULL,"655c380e-878c-4c55-bd10-650d21808292","2025-12-07 02:48:52+05:30","2025-12-15 23:56:17+05:30","jamesmoore@example.org","1244386681497","Janice Moore",False,True,False,"2004-08-31","other",True,"2025-12-07 02:48:52+05:30","1.0.0","doctor","active",NULL,NULL,False,True,"+91"
"pbkdf2_sha256$720000$ZfGtpcuI6b7RnXS1$nWaq5XTPnMpc6skih0G49kFOPk0x/tcnvqpZ3V39OVk=",NULL,"a63b0c99-9ddc-456d-b3e1-b1ff66f68ee8","2025-11-14 05:32:35+05:30","2025-12-12 13:33:58+05:30","timothy30@example.net","5633669281109","Paul Price",False,True,False,"1964-09-26","female",True,"2025-11-14 05:32:35+05:30","1.0.0","doctor","active",NULL,NULL,True,True,"+91"
"pbkdf2_sha256$720000$S6BUbsGNglLYAPzD$IipDDfhp3TbLlzurxYJ7cyxOPMTYWxdx/Ewx0ak+Xrc=",NULL,"5353b452-d0ae-4b08-b217-42a443f178a1","2025-11-23 10:56:54+05:30","2025-12-04 09:05:33+05:30","jasonmills@example.net","5126539647613","Thomas Irwin",False,True,False,"1965-12-19","female",True,"2025-11-23 10:56:54+05:30","1.0.0","doctor","active",NULL,NULL,True,True,"+91"
"pbkdf2_sha256$720000$4KJxf6b65FxZEkhj$8frcwIQZtNfyWp5Sq/Cd/50OPa7UxcPcE3chOy9HCds=",NULL,"78d5f1f4-6b14-4513-93f7-5fa97766bad6","2025-11-15 02:35:04+05:30","2025-12-18 03:04:30+05:30","andreajacobs@example.com","5563064009260","Jasmine Montes",False,True,False,"1979-12-28","female",True,"2025-11-15 02:35:04+05:30","1.0.0","doctor","active",NULL,NULL,False,False,"+91"
"pbkdf2_sha256$720000$Qd7DvUnqqihTwOSS$ofdFynoQVATMzDQhTfNu/AKDdupQm9v8nDAxzzVkbMg=",NULL,"7a8d54d7-2805-4a81-9a38-0655d1fa3b8d","2025-11-28 04:52:55+05:30","2025-12-19 18:35:31+05:30","annaharper@example.org","1598816706195","Catherine Fernandez",False,True,False,"1948-12-07","male",True,"2025-11-28 04:52:55+05:30","1.0.0","doctor","active",NULL,NULL,True,False,"+91"
"pbkdf2_sha256$720000$B7IeFNNf9nU1xLa2$myVER/WXcbceGoqbLavGeMr8JA/Hi+SD2k1Ph+bzqEI=",NULL,"3a93c636-4f34-4d4c-b217-28a38e5a8ed3","2025-11-26 17:32:49+05:30","2025-12-07 16:14:01+05:30","arussell@example.org","6379583364235","Brenda Taylor",False,True,False,"1945-12-20","male",True,"2025-11-26 17:32:49+05:30","1.0.0","doctor","active",NULL,NULL,True,True,"+91"
"pbkdf2_sha256$720000$6tjscjJM60BooUnT$FP4itASFhZiJzU49DUwCWjZ2MovCK5RtLqdYv9Rniqk=",NULL,"a2da08bb-1ed0-4969-93c8-b3b3b992f889","2025-12-09 06:53:01+05:30","2025-12-14 10:51:36+05:30","wernerbobby@example.com","8681202412229","Denise Sullivan",False,True,False,"1982-04-02","female",True,"2025-12-09 06:53:01+05:30","1.0.0","doctor","active",NULL,NULL,True,False,"+91"
"pbkdf2_sha256$720000$Dq7wVnllrzc32fav$2/5QxRuI/S+v0kIqA1r5Em4+Pbhx3G0AAlbG9Yg51Ew=",NULL,"0a351177-c461-452b-91c2-1db58f22f58b","2025-12-03 00:40:35+05:30","2025-12-11 16:49:30+05:30","daviddavis@example.org","1094193372501","Jennifer Rivera",False,True,False,"1978-02-17","male",True,"2025-12-03 00:40:35+05:30","1.0.0","doctor","active",NULL,NULL,True,True,"+91"
"pbkdf2_sha256$720000$0zWzmjBEtjS60fj9$sMiEPUkBlRD74itU620SgS5nPi+XsiSBEJMDK2ndLDM=",NULL,"226fe04b-7817-4a1f-82df-e1f1530f9dbe","2025-11-28 16:04:21+05:30","2025-12-06 00:15:27+05:30","benjamin86@example.org","3843853214604","Patricia Brown",False,True,False,"1961-10-01","female",True,"2025-11-28 16:04:21+05:30","1.0.0","doctor","active",NULL,NULL,True,False,"+91"
"pbkdf2_sha256$720000$IgCj9CqAzeB1HD3Z$vB5CTvwu7oSBHpoi/l9431lgtnHTL306lHABkWcnMjQ=",NULL,"bfbe4121-89e1-4275-bb7a-ce58853b90f6","2025-11-25 15:45:34+05:30","2025-12-22 05:59:36+05:30","aherrera@example.net","8090417695656","Dawn Williams",False,True,False,"1988-09-10","male",True,"2025-11-25 15:45:34+05:30","1.0.0","doctor","active",NULL,NULL,False,True,"+91"
"pbkdf2_sha256$720000$9jSX6XlxWlknPNIC$XsIQi++RF9kWzVuAHXt37Iewo7N/HPA86nMN3lSM8hQ=",NULL,"54ce0f1d-61d8-41ba-8de0-1f07f65710df","2025-12-05 23:43:18+05:30","2025-12-17 00:29:18+05:30","caseydonald@example.org","8504591227214","Jason Colon",False,True,False,"1987-01-31","male",True,"2025-12-05 23:43:18+05:30","1.0.0","doctor","active",NULL,NULL,False,False,"+91"
"pbkdf2_sha256$720000$5pjRR5dGDfG09qdb$+IcsAfRCKiL8re+7AMW1vvcgNMuvch3bYpgTdrh4TZs=",NULL,"f8d07437-80a5-4123-8562-0dcf60516e93","2025-11-17 11:17:04+05:30","2025-11-25 00:05:10+05:30","joyherrera@example.net","5225007211931","Scott Mitchell",False,True,False,"2001-11-07","female",True,"2025-11-17 11:17:04+05:30","1.0.0","doctor","active",NULL,NULL,False,False,"+91"
"pbkdf2_sha256$720000$S4Px+qtrrK7U/1G8$PNqksllcYHzmQFsvHpbby26WRz1bRXXUNM00EhT5UeY=",NULL,"020cc9eb-cca2-4379-be66-bda2152bdeaa","2025-11-11 21:40:28+05:30","2025-12-02 18:24:22+05:30","singletonsteven@example.net","7854771561997","Cheryl Mitchell",False,True,False,"1964-01-11","other",True,"2025-11-11 21:40:28+05:30","1.0.0","doctor","active",NULL,NULL,True,True,"+91"
"pbkdf2_sha256$720000$u3tSRU+G9yiLUS3z$WXaomD2NZiqhP1LXgHqjoo/CdjPydmhvE6+cWa5nj9w=",NULL,"6273d69f-7b62-453c-9d27-df2dde97f105","2025-12-18 03:14:53+05:30","2025-12-22 02:37:41+05:30","leah45@example.org","5044463409063","Sylvia Martin",False,True,False,"1991-12-09","male",True,"2025-12-18 03:14:53+05:30","1.0.0","doctor","active",NULL,NULL,True,True,"+91"
"pbkdf2_sha256$720000$G6jwfK/uBnzVLcRA$HVI5+MysQgkzwPfgzGRzPFak0NcjlYqz/f4975YVPeg=",NULL,"425ec773-45a5-4f9d-8ff0-7eda7b2182c9","2025-11-17 03:13:32+05:30","2025-12-22 17:38:04+05:30","sandraburke@example.org","7215771614659","Jennifer Massey",False,True,False,"1955-02-26","male",True,"2025-11-17 03:13:32+05:30","1.0.0","doctor","active",NULL,NULL,True,True,"+91"
"pbkdf2_sha256$720000$UAD1WtX0XIKSOVtp$MKPR5rjfTRFda+NMuwJIm9Gjx64eFoi/PIjloaf5TAU=",NULL,"1c000ddb-2599-4598-ac7a-3143596e1020","2025-11-15 18:43:39+05:30","2025-11-28 03:28:49+05:30","hooverbrian@example.com","5680042398915","John Lee",False,True,False,"1986-09-16","male",True,"2025-11-15 18:43:39+05:30","1.0.0","doctor","active",NULL,NULL,True,True,"+91"
"pbkdf2_sha256$720000$EAf5/YUKJBylW5ce$6QR9CBLjTMCOAa6BV4i1fuVPQTuZE2Msrnkv8naebqs=",NULL,"42edd248-971b-4cfb-8f86-e5ceefea3cdc","2025-12-15 13:08:04+05:30","2025-12-15 22:27:43+05:30","jamie12@example.org","9968110052247","Ryan Patterson",False,True,False,"2007-09-26","other",True,"2025-12-15 13:08:04+05:30","1.0.0","doctor","active",NULL,NULL,True,True,"+91"
"pbkdf2_sha256$720000$J2xA4KIVtOswKSOa$mfDPaFKYC+lEJEK5vLoDvTcINnG42VLEeX/Jyr4P8XU=",NULL,"f7fb6580-ab11-496e-a511-55cbf7d71ada","2025-12-21 15:28:18+05:30","2025-12-22 07:15:54+05:30","sosamegan@example.com","8503401595099","Olivia Jensen",False,True,False,"1997-04-04","male",True,"2025-12-21 15:28:18+05:30","1.0.0","doctor","active",NULL,NULL,True,False,"+91"
"pbkdf2_sha256$720000$ZE32x6VQBAd55CYD$SZpGqE+Gft0pQsD25eIcvDeEwnZApfaHkU3+aP8SS1o=",NULL,"5ca13d8d-423c-40f2-8902-4b65e101b6f5","2025-11-19 05:53:04+05:30","2025-12-04 08:16:40+05:30","jenniferyu@example.org","2224465015962","Gina Arellano",False,True,False,"1983-11-01","female",True,"2025-11-19 05:53:04+05:30","1.0.0","doctor","active",NULL,NULL,True,False,"+91"
"pbkdf2_sha256$720000$bQ36V2dXfkhfw6n3$BdGwzL4eVtVkRZd0BZwig5eHzFaZSJoPD94duCslFPo=",NULL,"9421794e-aed8-41cb-843c-ea00ea36b0e5","2025-12-15 02:11:10+05:30","2025-12-22 20:24:16+05:30","hjones@example.com","0279646426759","Jordan Mathews",False,True,False,"1959-12-19","other",True,"2025-12-15 02:11:10+05:30","1.0.0","doctor","active",NULL,NULL,True,True,"+91"
"pbkdf2_sha256$720000$MPy0E9Qx8qTQ0eSc$5pQz0ms6I5N23kkMAs26V7TD4cIRFQlWbGVXoN68iic=",NULL,"d663444c-799f-4de0-af99-5aa8a7fc5acb","2025-11-19 01:08:46+05:30","2025-11-27 14:08:46+05:30","djohnson@example.org","4964828835097","Alexander Wilkinson",False,True,False,"1972-08-22","male",True,"2025-11-19 01:08:46+05:30","1.0.0","doctor","active",NULL,NULL,True,False,"+91"
"pbkdf2_sha256$720000$jGqrnk1cFdRcBUyn$cLKor/L2KMKjc5NE0zKtwOM7+e55+WJOwMVcuIqXRmI=",NULL,"307b54df-cb49-4830-bd7c-e2d4b617aedc","2025-12-19 12:35:45+05:30","2025-12-20 10:24:44+05:30","kristine19@example.com","1098269887106","Taylor Young",False,True,False,"1952-12-10","female",True,"2025-12-19 12:35:45+05:30","1.0.0","doctor","active",NULL,NULL,False,True,"+91"
"pbkdf2_sha256$720000$ckiuhLLuk5YE/QGy$PNG2zeUYz3H4OZptSve6/eTUZ05CUyuOwTVWEm46BeA=",NULL,"1e77a20d-aee5-43b3-b8e9-e7ded9c1625f","2025-11-21 05:15:06+05:30","2025-12-24 00:33:22+05:30","laura53@example.org","0508948822984","Nancy Castillo MD",False,True,False,"1971-07-18","female",True,"2025-11-21 05:15:06+05:30","1.0.0","doctor","active",NULL,NULL,False,True,"+91"
"pbkdf2_sha256$720000$vCtkreE0t0K61skK$qCnWi6GGTE5hPq1HGvonjnYuxX6vq8Df6ZWDiIA0Y68=",NULL,"b7908933-5092-4cfe-8136-f5cb90d98dfe","2025-12-01 12:23:17+05:30","2025-12-06 20:45:43+05:30","claykimberly@example.com","6003040239212","Angela Macias",False,True,False,"1947-12-02","other",True,"2025-12-01 12:23:17+05:30","1.0.0","doctor","active",NULL,NULL,True,False,"+91"
"pbkdf2_sha256$720000$tTr+ZEpZO2afs0Yj$UdRn1mkjmu63p72oyEb2kpB72tSuHYF6gWGrTiBB4ss=",NULL,"3617aff3-3257-4d23-aff4-02dfcdf9f14f","2025-12-07 03:18:42+05:30","2025-12-08 18:57:40+05:30","spencermichael@example.org","4794804622619","Miss Tonya Proctor MD",False,True,False,"1962-08-28","female",True,"2025-12-07 03:18:42+05:30","1.0.0","doctor","active",NULL,NULL,True,False,"+91"
"pbkdf2_sha256$720000$0WEmWzTQuA/b6t05$GNQE/b0a+TjLn0F0PbwM0v3vJ+qwNsYchHgmic13fJE=",NULL,"415489ec-9e9d-44c4-96a8-010705b34868","2025-12-07 08:18:43+05:30","2025-12-14 19:34:26+05:30","brent12@example.net","5048160108987","Michael Lawrence",False,True,False,"1973-10-25","female",True,"2025-12-07 08:18:43+05:30","1.0.0","doctor","active",NULL,NULL,True,True,"+91"
"pbkdf2_sha256$720000$mHUFsP/C2boyayvd$09vWSSEp/IjyuEMujHuMTbJWBx4uKqQXwXb4gIozsls=",NULL,"66d98753-38e4-49d1-9f8d-4f119c46606b","2025-12-16 10:05:16+05:30","2025-12-21 15:11:48+05:30","jennifercoleman@example.net","6676320316575","Kimberly Hernandez",False,True,False,"1971-02-26","other",True,"2025-12-16 10:05:16+05:30","1.0.0","doctor","active",NULL,NULL,True,False,"+91"
"pbkdf2_sha256$720000$xZa+1GdnIdjYFLp9$8xQgvBlHr0m+3aYm7/7Fpf/a1RkQlHvGXkWWzM1krWM=",NULL,"443ff771-1e14-485e-85bb-c9c673bc63b0","2025-11-06 11:55:48+05:30","2025-12-06 12:45:35+05:30","xhart@example.net","1816861725418","Amy Singleton",False,True,False,"1955-10-16","male",True,"2025-11-06 11:55:48+05:30","1.0.0","doctor","active",NULL,NULL,True,True,"+91"
"pbkdf2_sha256$720000$P1XnPv25O6e4X4nZ$899SVp+splZlh7tr+jtjk+Do08PIcgp3OHjGgkAoSKk=",NULL,"3e5606bb-5c5a-4751-9e7e-a741e1cb34b4","2025-12-21 03:10:14+05:30","2025-12-24 20:26:30+05:30","daniellethomas@example.com","3898441752381","Julia Thornton",False,True,False,"1949-11-10","other",True,"2025-12-21 03:10:14+05:30","1.0.0","doctor","active",NULL,NULL,False,True,"+91"
"pbkdf2_sha256$720000$UZ252f/cKihqNui6$l5RNjiQKAPazExIDEMCniOXV551C1xwJDSsXZnYGCtA=",NULL,"54e392d0-8e4e-40c0-a09b-ce26acbae266","2025-12-19 20:53:51+05:30","2025-12-24 04:08:00+05:30","jasonroberts@example.com","4516334893501","Jason Weber",False,True,False,"1974-06-11","female",True,"2025-12-19 20:53:51+05:30","1.0.0","doctor","active",NULL,NULL,False,True,"+91"
"pbkdf2_sha256$720000$Rn9BzJRCed3gL52G$txDKhKB+YSDSs6Vtko0ango2+Z//eMnuHRpQUJd4XXg=",NULL,"e6fbf269-426f-4ed5-9499-715a15b7bd62","2025-11-08 02:39:35+05:30","2025-11-10 11:49:48+05:30","nicolebrown@example.org","6624815415663","Amanda Romero",False,True,False,"1998-09-03","male",True,"2025-11-08 02:39:35+05:30","1.0.0","doctor","active",NULL,NULL,False,True,"+91"
"pbkdf2_sha256$720000$3i7+ImYpCQf9O+bn$LJqnMyMYMCL//CFZdp/edJ5RX1Vjc4gpZxKAAXhU2h4=",NULL,"d99c3351-99f8-4160-91eb-a242993f1058","2025-12-10 02:28:35+05:30","2025-12-20 13:44:14+05:30","vscott@example.net","2878278842018","Kevin Buckley",False,True,False,"1988-07-26","female",True,"2025-12-10 02:28:35+05:30","1.0.0","doctor","active",NULL,NULL,False,False,"+91"
"pbkdf2_sha256$720000$L3wBc/h8RceI/6qI$6urC1JiZYxHFyES5Y0UyKA6y/sVLR5DwhfF7/fz+Lgs=",NULL,"3ef7c388-d9f1-44d1-a23b-238880da3ca7","2025-11-19 14:20:45+05:30","2025-12-02 08:06:22+05:30","ewallace@example.net","6343500307148","Brandon Jones",False,True,False,"2005-06-10","female",True,"2025-11-19 14:20:45+05:30","1.0.0","doctor","active",NULL,NULL,True,True,"+91"
"pbkdf2_sha256$720000$a058lYR+E1THA+dn$W2XZ237801yBtrJgflE2ZfLx5aaH2cfcLNKHX3zI3lo=",NULL,"7d85044b-6759-4de9-bfd7-e5af32d5ec38","2025-11-25 12:35:16+05:30","2025-12-11 20:49:07+05:30","ray12@example.net","4206697590411","Ashley Woods",False,True,False,"1952-01-09","other",True,"2025-11-25 12:35:16+05:30","1.0.0","doctor","active",NULL,NULL,False,False,"+91"
"pbkdf2_sha256$720000$JBwESGAKiP3UnR3N$XGrRpEWGZeh+UgYMfZAi4DWbJSjNvcm45Eix2v624yo=",NULL,"e03451e3-229b-4d5b-a405-d9a5b8f33271","2025-11-17 02:52:52+05:30","2025-11-17 11:27:40+05:30","randyward@example.net","4651671433955","Michelle Alvarez",False,True,False,"1982-01-14","other",True,"2025-11-17 02:52:52+05:30","1.0.0","doctor","active",NULL,NULL,False,True,"+91"
"pbkdf2_sha256$720000$b357Fz/rT2Rm4Tdx$V8MffJsmyFpxypYcwlKmCWrbvbfs009fdXxu0P+mdjg=",NULL,"fcc15d4a-7eaa-4343-adde-03079ec52f6e","2025-11-05 04:06:31+05:30","2025-11-17 14:10:11+05:30","williammartin@example.net","0353746179230","Paul Price",False,True,False,"1988-02-12","female",True,"2025-11-05 04:06:31+05:30","1.0.0","doctor","active",NULL,NULL,False,False,"+91"
"pbkdf2_sha256$720000$3dmZ29AdvzVF/nTw$QY3+QEyPc90OQFOPMqLkdv83MLGc2r/nf1SEncg/0VM=",NULL,"e97b3a6f-6f79-4278-b3fe-e7a3ecffcaac","2025-11-20 23:14:55+05:30","2025-12-17 13:51:45+05:30","deborah43@example.org","0937758943523","Evan Bolton",False,True,False,"1979-04-08","male",True,"2025-11-20 23:14:55+05:30","1.0.0","doctor","active",NULL,NULL,True,True,"+91"
"pbkdf2_sha256$720000$vcs8NZgt6i9eHebT$hZJ4R3O3nRC8X2fd3sXT0QFIyQkVMfhBFWGHiU2mTaw=",NULL,"6a1279cb-997b-4320-85d1-f426cfbaa346","2025-12-20 01:43:53+05:30","2025-12-20 14:39:43+05:30","twhite@example.com","0740624325273","Jessica Mccoy",False,True,False,"1996-08-17","female",True,"2025-12-20 01:43:53+05:30","1.0.0","doctor","active",NULL,NULL,True,False,"+91"
"pbkdf2_sha256$720000$8h6TqTmYCMPdlrKT$SnkOsuxNnTJmQoOkqM7dESDFlTAo/KkASZf2xKe0cUk=",NULL,"ed6d2ab9-006a-4aca-8cfe-0d228f305329","2025-12-22 23:51:27+05:30","2025-12-24 06:43:01+05:30","bgraham@example.net","9878333649313","Alexander Turner",False,True,False,"2006-11-24","female",True,"2025-12-22 23:51:27+05:30","1.0.0","doctor","active",NULL,NULL,True,True,"+91"
"pbkdf2_sha256$720000$PHK6U14OzPOe6l31$2rnOmi+voU+jkTslZTEhoo7pj6O9h53gXaudesleNhM=",NULL,"fca1aa69-cf1b-4cbb-8fac-33b842000d38","2025-12-04 09:01:33+05:30","2025-12-16 05:29:17+05:30","chandlersamantha@example.com","6974241330829","Jermaine Johnson",False,True,False,"1971-02-23","female",True,"2025-12-04 09:01:33+05:30","1.0.0","doctor","active",NULL,NULL,True,True,"+91"
"pbkdf2_sha256$720000$qOD9mhB1c4SsvkwK$rpZPXtw0ATfKbNhHvCGPQ58CoI4EsQrXCTRNErAsrLw=",NULL,"023b1b17-75bb-48bb-9f3b-0b4ebd1f3bd3","2025-11-18 20:13:58+05:30","2025-11-20 15:38:38+05:30","bobparker@example.net","1220243915960","Justin Ray PhD",False,True,False,"1947-08-11","other",True,"2025-11-18 20:13:58+05:30","1.0.0","doctor","active",NULL,NULL,True,True,"+91"
"pbkdf2_sha256$720000$a5CPjBb2ny43rRGh$CA/M/01coayDH9Li+AmiZU08Ip7kuXDrmlwAbbQFJDs=",NULL,"1a0a337e-9f9a-4967-a75b-395d73aa7410","2025-12-02 12:50:23+05:30","2025-12-12 14:43:32+05:30","john26@example.org","7158327319151","Brent Hughes",False,True,False,"2005-01-06","female",True,"2025-12-02 12:50:23+05:30","1.0.0","doctor","active",NULL,NULL,False,True,"+91"
"pbkdf2_sha256$720000$o6G9fRZJxbCrrEI0$ogSpqHuvFAuvfl0lHpkVUTq9wrUNUW6OYgyMAhDQzYU=",NULL,"cc73d00e-f6e4-4f5d-b9dd-3b27efaf1af3","2025-11-28 12:04:26+05:30","2025-12-22 15:23:51+05:30","taylor80@example.net","7211625496961","Margaret Marks",False,True,False,"1967-02-20","male",True,"2025-11-28 12:04:26+05:30","1.0.0","doctor","active",NULL,NULL,True,True,"+91"
"pbkdf2_sha256$720000$u5h2fC0tH5zUzBEV$Huusvq7ONeXCj0ft3e7KTNgz2HFa2Qe9hpbSvkNPR48=",NULL,"a975f44b-a1a1-4972-923c-c47dbb39c215","2025-11-04 23:24:13+05:30","2025-11-09 10:52:15+05:30","mcconnellcolleen@example.net","7505574894862","Teresa Hunter",False,True,False,"1979-07-25","female",True,"2025-11-04 23:24:13+05:30","1.0.0","doctor","active",NULL,NULL,True,False,"+91"
"pbkdf2_sha256$720000$36wcqcnim2qg+o1M$r9z/K3lFI6Am3VgISpkGvyyBPqnezSabjl+6ZQAmNAU=",NULL,"ee214706-42aa-4233-bdd7-dab5fc65ce1c","2025-12-01 21:51:22+05:30","2025-12-24 06:36:07+05:30","willismitchell@example.com","4576364559535","Rebecca Miller",False,True,False,"1978-04-11","male",True,"2025-12-01 21:51:22+05:30","1.0.0","doctor","active",NULL,NULL,False,False,"+91"
"pbkdf2_sha256$720000$BjBwqPcCOhxESixi$3xMmsLhO2thCAhJy+n5aQdaq6uBJq1YonCNQnzig/cY=",NULL,"17aa6a40-7961-4146-95aa-a01b5c9fb82f","2025-11-23 06:39:10+05:30","2025-12-09 03:06:02+05:30","michaelgoodwin@example.net","0880876929143","Whitney Spears",False,True,False,"2006-11-22","male",True,"2025-11-23 06:39:10+05:30","1.0.0","doctor","active",NULL,NULL,True,False,"+91"
"pbkdf2_sha256$720000$g2kr6o3ezvi7qpPu$AMfH18LIDXUrhkXEGKN+Mce1jTTR5yawIO43HnDoD/o=",NULL,"1202d47e-a98a-46aa-a213-3df38b21c959","2025-12-20 09:40:06+05:30","2025-12-22 16:11:48+05:30","ybailey@example.org","0633588501757","Maria Robinson",False,True,False,"1968-08-22","male",True,"2025-12-20 09:40:06+05:30","1.0.0","doctor","active",NULL,NULL,True,False,"+91"
"pbkdf2_sha256$720000$MWicfPAkxmjy0YOz$NIwXsfRX+RRnPqnZCkC/NR1vVx+tQBtY+58EjYNnrgM=",NULL,"3e3b699e-dcba-4468-a621-eeb679119ebb","2025-11-20 15:44:34+05:30","2025-12-16 17:33:30+05:30","darlenegarcia@example.net","1329793108420","Angela Tapia",False,True,False,"1978-04-27","male",True,"2025-11-20 15:44:34+05:30","1.0.0","doctor","active",NULL,NULL,True,True,"+91"
"pbkdf2_sha256$720000$KG2n7X4vtYU0g1s3$zYcsLTuRjtGrkX35/8CLFdkgbd7DuYJ5DAKU6qiT5Ts=",NULL,"dd5951db-ff0d-4e0d-baa8-bb269ea0f8c2","2025-11-19 20:50:53+05:30","2025-12-23 02:01:45+05:30","jcook@example.com","0508414709724","Julia Johnson",False,True,False,"1981-10-12","male",True,"2025-11-19 20:50:53+05:30","1.0.0","doctor","active",NULL,NULL,True,True,"+91"
"pbkdf2_sha256$720000$MYVdEk9J+4mLMHdT$3+s0dczvBKcnrX2nIlL6qPBDtyI9Da8kHdH2YQL3JjA=",NULL,"04e38974-3b13-4d33-b521-e81da7d15859","2025-11-07 22:47:39+05:30","2025-12-14 23:34:13+05:30","washingtonjay@example.com","9796817548193","Robert Young",False,True,False,"1953-02-01","male",True,"2025-11-07 22:47:39+05:30","1.0.0","doctor","active",NULL,NULL,True,False,"+91"
"pbkdf2_sha256$720000$/PX5FqLHPhXcoIIj$2Uks1+wx63dX9OKkFhh7sAAd7TmQlI1LDe76DJeyAfc=",NULL,"dece914c-3efe-4e9c-bf17-69d13efd2f2d","2025-12-07 16:26:48+05:30","2025-12-07 22:16:56+05:30","nathaniel84@example.com","5284569640917","Emma Campbell",False,True,False,"2001-04-05","female",True,"2025-12-07 16:26:48+05:30","1.0.0","doctor","active",NULL,NULL,True,False,"+91"
"pbkdf2_sha256$720000$Ck2j7UJYOpO5i/mW$JgBFZb94xHcRezO0ldrIHC7CqIel4P9zu61rKtRX/A8=",NULL,"feeb8a1c-a080-494d-9a95-baf1bd0ccfac","2025-11-16 00:16:23+05:30","2025-11-26 08:12:50+05:30","rjackson@example.com","0243283597747","Margaret Johns",False,True,False,"1993-07-11","female",True,"2025-11-16 00:16:23+05:30","1.0.0","doctor","active",NULL,NULL,False,True,"+91"
"pbkdf2_sha256$720000$z+vKyv3r5AR6YuUR$sGhGJ9Qt5Ihn4yxUT7l8oW8rghrPzc2IJMD/oYzMTSk=",NULL,"a0fbc7eb-46a3-41fd-aa03-c17cedc35a5a","2025-11-09 11:47:14+05:30","2025-12-23 19:45:52+05:30","danielwoods@example.org","9853614307013","Steven Romero",False,True,False,"1985-01-31","male",True,"2025-11-09 11:47:14+05:30","1.0.0","doctor","active",NULL,NULL,True,False,"+91"
"pbkdf2_sha256$720000$spdZZjCuCO0adsP2$uJUANaKRa3R3Ape7xOpS22pQoZ1rNJ9Czkaz7+XkMdc=",NULL,"e3e6fa1b-d67d-416a-8916-3c09079e72cb","2025-12-19 06:58:38+05:30","2025-12-23 21:30:44+05:30","mckenzieschmidt@example.net","8645204381276","Daniel Irwin",False,True,False,"1959-02-17","male",True,"2025-12-19 06:58:38+05:30","1.0.0","doctor","active",NULL,NULL,True,False,"+91"
"pbkdf2_sha256$720000$DI2vJThMMq/wahoR$dfiknT2w0MDVVmqBFCLEGis8axhe3Jb5YeJc4EYWOWU=",NULL,"16df25ac-02c5-4b90-b45e-03ab3e4c0098","2025-11-24 02:14:45+05:30","2025-12-01 07:38:05+05:30","evanallen@example.com","7648018502318","Ruth Johnson MD",False,True,False,"1990-04-27","female",True,"2025-11-24 02:14:45+05:30","1.0.0","doctor","active",NULL,NULL,False,False,"+91"
"pbkdf2_sha256$720000$KugmHYdl1DGQxdZK$hK0fMl9eq3VRo87OoVCQoahNr0S7ysI6mgoWkW1OFj4=",NULL,"888086b9-9eb5-4f2e-9341-e2c192f08772","2025-12-22 20:33:39+05:30","2025-12-24 02:28:35+05:30","gallagherpatricia@example.com","3489470805300","Barry Phillips",False,True,False,"2002-11-13","female",True,"2025-12-22 20:33:39+05:30","1.0.0","doctor","active",NULL,NULL,True,True,"+91"
"pbkdf2_sha256$720000$/LjiBen/Mko9MtGN$11wfuABgbBqJr3IAY8UffOnq/oAvr5FQ49u7ldr0H8I=",NULL,"adaef894-2833-4b1e-b09a-099e03015ba1","2025-11-16 19:34:43+05:30","2025-12-06 13:14:40+05:30","fishershelley@example.com","3164930471689","Tracy Arnold",False,True,False,"1946-10-23","male",True,"2025-11-16 19:34:43+05:30","1.0.0","doctor","active",NULL,NULL,False,False,"+91"
"pbkdf2_sha256$720000$7cglWcY+vKwEFQDY$F9lk9K18EoLDpXyk71oBVnwMlhhyvu81rUMUZhgsv/8=",NULL,"c8a620e7-a9bf-4159-bc26-890ce24010ff","2025-11-07 23:58:24+05:30","2025-11-23 23:11:30+05:30","lewischristopher@example.net","1300225636509","Henry Nguyen",False,True,False,"1964-05-29","female",True,"2025-11-07 23:58:24+05:30","1.0.0","doctor","active",NULL,NULL,True,False,"+91"
"pbkdf2_sha256$720000$Q767HJk3yukGSzLl$itRmcmWse9gvJNm68MWwjmuTf9sXIjxXfHZjaY5FL6k=",NULL,"7da4096b-41bf-43ce-8427-609e9a625361","2025-11-22 19:23:38+05:30","2025-11-30 06:00:56+05:30","beverly85@example.org","2211357525233","Philip Roberson",False,True,False,"1959-09-30","other",True,"2025-11-22 19:23:38+05:30","1.0.0","doctor","active",NULL,NULL,True,False,"+91"
"pbkdf2_sha256$720000$JTcH/FWs+SQgH1lp$zy60Gt6QegSn9BLY8FY/KXa0vgOnbcY8CkdgBSdi7XQ=",NULL,"b2fb3f20-9618-4744-b81c-36a0ffbc5ed6","2025-11-14 23:11:25+05:30","2025-12-13 20:02:45+05:30","ucollins@example.net","8191219059191","Joseph Cohen",False,True,False,"1983-08-01","female",True,"2025-11-14 23:11:25+05:30","1.0.0","doctor","active",NULL,NULL,True,False,"+91"
"pbkdf2_sha256$720000$J5Wu7ZCzPK0Dd+/7$P2LyqvXvsf1va6ReIbWnauthf2UhRV5n957YLhGImyg=",NULL,"6c589735-e0b1-46c4-9999-6abaaadd4a25","2025-12-24 13:06:18+05:30","2025-12-24 14:06:34+05:30","randalldavid@example.org","4263942216861","Randall Smith",False,True,False,"1968-02-29","other",True,"2025-12-24 13:06:18+05:30","1.0.0","doctor","active",NULL,NULL,True,True,"+91"
"pbkdf2_sha256$720000$cZwfe72n4lyd2uat$ej5n0W67ce0JcGhPMK3q/AC1sSyLRkBibnNr+W/+mLs=",NULL,"3e50bf77-4d63-4258-91dd-a086f7f4f2eb","2025-11-26 18:06:55+05:30","2025-12-07 06:07:04+05:30","james08@example.org","4280073166643","Susan Richmond DVM",False,True,False,"1989-08-26","other",True,"2025-11-26 18:06:55+05:30","1.0.0","doctor","active",NULL,NULL,True,True,"+91"
"pbkdf2_sha256$720000$JMzYIFkffTIGLGp5$2YMZc+JbE+v8Y7EwpSMHuUo2WJZEAzuVJi4aenFxpxQ=",NULL,"e6f9a50a-8721-4662-bfb5-da7ea409ef3e","2025-12-12 23:45:51+05:30","2025-12-16 16:08:47+05:30","christinedavis@example.org","9650515229183","Scott Flores",False,True,False,"1998-09-04","other",True,"2025-12-12 23:45:51+05:30","1.0.0","doctor","active",NULL,NULL,True,False,"+91"
"pbkdf2_sha256$720000$cUS8lqzpn6rYYNM9$OQfIxaCrE9ns/xAJz2ZeKwKA5eyH1kxzzRdWTF7O1C8=",NULL,"e521cb7a-8ec5-4937-9838-05cd9a7519d5","2025-11-22 19:44:24+05:30","2025-11-29 13:25:53+05:30","morrismatthew@example.com","4929571873779","Sarah Gutierrez",False,True,False,"1998-08-01","female",True,"2025-11-22 19:44:24+05:30","1.0.0","doctor","active",NULL,NULL,False,False,"+91"
"pbkdf2_sha256$720000$poMkVP3aXjJ2BUqw$h+DJuSL6d0ign+Qio0R5IcTybTlmrZiejHoHSQzVKVs=",NULL,"3545fa07-a357-4cf2-8a1d-86027a8811ba","2025-11-19 07:42:28+05:30","2025-12-04 23:31:11+05:30","christina66@example.com","5915034889347","Leslie Osborn",False,True,False,"1986-02-23","male",True,"2025-11-19 07:42:28+05:30","1.0.0","doctor","active",NULL,NULL,False,False,"+91"
"pbkdf2_sha256$720000$Q/e/ZJl8rbiDK6DS$M5O1aHJe09Qu49gBPGUq/ZUfOgizQMr03LIp2tEpc0I=",NULL,"5db6106f-bd00-4f4b-9a6c-ea68cb31290b","2025-12-25 00:25:07+05:30","2025-12-25 00:28:07+05:30","howardbrandon@example.net","5235215491085","Melissa Austin",False,True,False,"1947-11-21","other",True,"2025-12-25 00:25:07+05:30","1.0.0","doctor","active",NULL,NULL,False,True,"+91"
"pbkdf2_sha256$720000$tXYXmomZFYOMj/7Q$rkx14lhSIkzXc4b57fXQhHcG7DWi7cr8F16ookzTrMY=",NULL,"0f28d3b9-72d1-4713-b535-371d4b41d65a","2025-12-23 09:38:33+05:30","2025-12-23 21:57:59+05:30","james53@example.org","7511810556799","Travis Adams",False,True,False,"1945-03-21","other",True,"2025-12-23 09:38:33+05:30","1.0.0","doctor","active",NULL,NULL,True,True,"+91"
"pbkdf2_sha256$720000$25Ncat4zljoEOT5p$CfhAzOkwYek6FfyaHqjSKxGXUzQ/bMTIodc7r8rvVvo=",NULL,"a850bab3-13ff-49b0-8c87-d50ebbda2b5b","2025-12-18 09:12:46+05:30","2025-12-23 12:45:27+05:30","brownsean@example.com","9492269809091","Dawn Stevenson",False,True,False,"1956-08-30","female",True,"2025-12-18 09:12:46+05:30","1.0.0","doctor","active",NULL,NULL,False,False,"+91"
"pbkdf2_sha256$720000$dA7daPiQ/gIDv5K5$LjI0DNfMsipMecnbI/EiCehQ6Onp2KcF1NTujs6tikg=",NULL,"3b7727cf-d0d5-4217-a0f5-0e6e5a82a025","2025-12-04 13:35:26+05:30","2025-12-14 05:02:04+05:30","handrews@example.net","5530532547787","Ryan Molina",False,True,False,"2005-01-19","male",True,"2025-12-04 13:35:26+05:30","1.0.0","doctor","active",NULL,NULL,True,False,"+91"
"pbkdf2_sha256$720000$UcEZnbxnfqWeT5NK$J2fEeDhRsPYQE0v0g9/p8f9Op72k6bMnjgMRLf49ugs=",NULL,"fbbb9bd2-be64-4ce8-8f24-f213c5c7c30e","2025-12-21 15:43:20+05:30","2025-12-23 00:42:28+05:30","hendrickskatherine@example.org","8719052437292","Cathy Mcintosh",False,True,False,"1991-01-14","male",True,"2025-12-21 15:43:20+05:30","1.0.0","doctor","active",NULL,NULL,False,False,"+91"
"pbkdf2_sha256$720000$RUU0IKmv6mJQgwg3$+azaI5Jq8tNaFgyerNDJ+voO9ab0RkAxQIXp3tvLiiU=",NULL,"e074712d-6f41-48a3-bd0b-cf24a62624f6","2025-11-18 08:34:12+05:30","2025-12-21 16:33:06+05:30","scottjackson@example.org","5897439256040","Judy Andrews",False,True,False,"1955-02-16","female",True,"2025-11-18 08:34:12+05:30","1.0.0","doctor","active",NULL,NULL,True,True,"+91"
"pbkdf2_sha256$720000$ScodaXNWPz+39UPJ$DEjddFAsT8S1wG5LkpjSeVpKmt8x+/ldBktsKB2okMI=",NULL,"cc056c66-6bd3-42ad-bc3c-d624edd774bb","2025-12-22 22:11:34+05:30","2025-12-22 23:25:18+05:30","paulstokes@example.org","2085507918376","Scott Rodriguez",False,True,False,"2000-09-23","male",True,"2025-12-22 22:11:34+05:30","1.0.0","doctor","active",NULL,NULL,True,False,"+91"
"pbkdf2_sha256$720000$He1HkRDio25TcGOS$anpCCDU+daK2/wJbk5DvMzceRBOxlkDFa2Q38Z4wle4=",NULL,"25102145-0d29-4b1a-bc4c-657919c8973c","2025-12-14 01:41:45+05:30","2025-12-24 07:03:20+05:30","nbarnett@example.net","9852754523739","Michael Jackson",False,True,False,"1971-07-04","other",True,"2025-12-14 01:41:45+05:30","1.0.0","doctor","active",NULL,NULL,True,False,"+91"
"pbkdf2_sha256$720000$VRe9QZymzF2na220$MjEzkhZ/0EMSdFBpAb2QBNWBldFyAA/RHzDUH5icEKo=",NULL,"ba099866-9f72-4b69-9995-e0ae8317f1e2","2025-11-21 12:43:58+05:30","2025-12-09 07:19:05+05:30","imckinney@example.net","7050438486454","Lucas Wade",False,True,False,"1946-03-14","female",True,"2025-11-21 12:43:58+05:30","1.0.0","doctor","active",NULL,NULL,True,True,"+91"
"pbkdf2_sha256$720000$+v46B1sEBDnbKGRZ$gIPQxAhAyyoEyDkiuDN8CKfnS56iznsEPBRw3Xzl00w=",NULL,"706565d7-11f8-4c67-aecc-b9aeae2256d2","2025-12-09 23:47:02+05:30","2025-12-22 19:18:56+05:30","lauren97@example.org","3914769814083","Wendy Duran",False,True,False,"1961-07-02","other",True,"2025-12-09 23:47:02+05:30","1.0.0","doctor","active",NULL,NULL,True,True,"+91"
"pbkdf2_sha256$720000$VRbacBPUvFQNs5vu$EWmmLuUhMpR2iNNWsJ5UYaaojZygW2Gz23R/j8Cc6wk=",NULL,"148d22be-f4aa-4603-b159-cd1da2d15025","2025-12-19 17:50:29+05:30","2025-12-22 01:59:26+05:30","whitebrittany@example.org","8605490627654","James Weiss",False,True,False,"1979-01-01","male",True,"2025-12-19 17:50:29+05:30","1.0.0","doctor","active",NULL,NULL,False,True,"+91"
"pbkdf2_sha256$720000$f3elN7VWQgZW03fa$l6FVNDTLAnW7mShz8gHWsSy1g1GTCBnvpveOc2opTqE=",NULL,"68bb8648-ad5f-493b-abdd-2e97f4249759","2025-11-09 12:36:08+05:30","2025-12-22 19:28:00+05:30","jamesalvarez@example.com","8894243566593","Teresa Rhodes",False,True,False,"1999-09-23","female",True,"2025-11-09 12:36:08+05:30","1.0.0","doctor","active",NULL,NULL,True,False,"+91"
"pbkdf2_sha256$720000$VE6udlTqA/H4lq22$dUNAWA3gdmnDxbnoD5qruZ1AY65K2Z9brpPP3Jy28wg=",NULL,"424bab7a-4436-407b-ad5f-cd26be578271","2025-11-26 16:19:03+05:30","2025-11-29 05:52:20+05:30","laurenwood@example.com","5605573741244","Alan Hancock",False,True,False,"1958-11-16","male",True,"2025-11-26 16:19:03+05:30","1.0.0","doctor","active",NULL,NULL,False,False,"+91"
"pbkdf2_sha256$720000$E2UD88NX/IDuwvjW$bcGaF0a3cwmwdpK15X9ypdO+75IOYVRbwotaVgyNwLY=",NULL,"0df5d7b0-cbbe-4c32-ae0e-53c35b09334f","2025-11-21 14:06:12+05:30","2025-11-23 01:04:52+05:30","sheilaholmes@example.com","6506830210657","Joseph Herman",False,True,False,"1981-12-05","female",True,"2025-11-21 14:06:12+05:30","1.0.0","doctor","active",NULL,NULL,True,True,"+91"
"pbkdf2_sha256$720000$wdReRZA2xP9argTL$ASTsFMIRDWzBUGhijYIuVKylCyZ7gwiJQCWYSJqinF4=",NULL,"bf14c42f-e851-4140-9303-5f0b88e8d72b","2025-12-15 12:01:00+05:30","2025-12-21 07:16:09+05:30","perryalvin@example.net","3708631593558","Thomas Villanueva",False,True,False,"2006-03-27","other",True,"2025-12-15 12:01:00+05:30","1.0.0","doctor","active",NULL,NULL,False,False,"+91"
"pbkdf2_sha256$720000$uwU2QxD9KoU/JhVX$BMcsXKEMTmZtM+V3i6fo9sUcNoISHIgsyjU1ollUYL0=",NULL,"9673270d-9b25-4556-9222-9f6a4bf72731","2025-11-14 01:57:05+05:30","2025-12-07 22:14:32+05:30","clarkzachary@example.com","3928796298938","Kelly Smith",False,True,False,"1975-10-02","male",True,"2025-11-14 01:57:05+05:30","1.0.0","doctor","active",NULL,NULL,True,False,"+91"
"pbkdf2_sha256$720000$hHL/FxBm3Rr/GyHU$hsWc5Z2bJmoWlbqR098TlCbiIkMVbVW13J8QpTQOQJs=",NULL,"7ee9206d-106d-4046-8545-d47c765a9aa0","2025-11-29 10:17:55+05:30","2025-12-20 14:10:40+05:30","emily29@example.org","1557506016358","Nathan Hickman",False,True,False,"1975-03-03","other",True,"2025-11-29 10:17:55+05:30","1.0.0","doctor","active",NULL,NULL,False,True,"+91"
"pbkdf2_sha256$720000$8cCvZs7QBPK7ZOmi$il3J0zFWtUBF+fOSyuKYaWA8pVnNdx3rvWeqt9e2vuc=",NULL,"52533089-c509-4f0a-9286-607cdfbd62f4","2025-12-16 21:26:47+05:30","2025-12-17 07:15:32+05:30","cesarhale@example.com","1688222320309","Michael Floyd",False,True,False,"1974-08-21","other",True,"2025-12-16 21:26:47+05:30","1.0.0","doctor","active",NULL,NULL,False,False,"+91"
"pbkdf2_sha256$720000$ICadOJ8rjmq+hJmw$GuceeFErxWKCXQv1yPfavhBFGzGqfjaVXC0Xej+Cz3k=",NULL,"3767806c-439f-4109-bbaf-b0c3887661a3","2025-12-07 17:41:15+05:30","2025-12-14 08:03:54+05:30","fdiaz@example.com","9608103500012","April Miller",False,True,False,"1959-09-16","other",True,"2025-12-07 17:41:15+05:30","1.0.0","doctor","active",NULL,NULL,True,False,"+91"
"pbkdf2_sha256$720000$iaNwmYCAT8cooQtV$nA61mgj8L3XOjhBnVqHOKdUKkx02XBsK0zCxplSzSMI=",NULL,"883a32c6-5a7e-4285-8457-db281d35f1aa","2025-12-21 12:45:55+05:30","2025-12-23 02:15:49+05:30","charlesmiller@example.com","7339632391355","Scott White",False,True,False,"1958-02-18","female",True,"2025-12-21 12:45:55+05:30","1.0.0","doctor","active",NULL,NULL,True,True,"+91"
"pbkdf2_sha256$720000$2OUUAUFImOAdjeLm$qx7uCCmOzo6Iy8P9U5NC6oXsteon1o0Mmh8mMpcDJBw=",NULL,"15d6551d-ea20-47d5-b862-365aad905595","2025-12-17 08:16:49+05:30","2025-12-21 07:06:12+05:30","david07@example.org","8554187832747","Virginia Copeland",False,True,False,"1958-06-23","male",True,"2025-12-17 08:16:49+05:30","1.0.0","doctor","active",NULL,NULL,True,True,"+91"
"pbkdf2_sha256$720000$i8CcwbNr7GMcVoh8$4S73JZTfDaRRtgTSumAvwpoG/FJvKVL7YlbGjOpfw18=",NULL,"88ab1109-d103-4f7c-a3ee-a9697b688a28","2025-12-24 12:19:26+05:30","2025-12-24 18:01:02+05:30","pamela28@example.net","0503623510666","Brittany Smith",False,True,False,"2000-09-22","other",True,"2025-12-24 12:19:26+05:30","1.0.0","doctor","active",NULL,NULL,False,True,"+91"
"pbkdf2_sha256$720000$uJEw32s1Le1DyBH9$FbwIdjRKSUgyNv8//oxLQSNUEpR+djvoOK2BP/23Xkg=",NULL,"eac2853c-de2e-454d-980e-01a6c26f9cf0","2025-11-23 03:59:21+05:30","2025-12-21 14:35:31+05:30","mball@example.net","2983779038331","Jonathan Crosby",False,True,False,"2001-06-01","other",True,"2025-11-23 03:59:21+05:30","1.0.0","doctor","active",NULL,NULL,True,True,"+91"
"pbkdf2_sha256$720000$mUf0VwiP70NhJ9jh$vjh+hsfFiw56FUJ/KtT7ESAjzz0ZCpSBixA6VYuXdH4=",NULL,"2a0ef2c9-e2fc-4045-a522-f2b6ab775af3","2025-11-27 20:53:51+05:30","2025-12-23 22:01:56+05:30","karen79@example.com","0438788781517","Mary Rodriguez",False,True,False,"2002-07-12","female",True,"2025-11-27 20:53:51+05:30","1.0.0","doctor","active",NULL,NULL,True,True,"+91"
"pbkdf2_sha256$720000$WTNb0ugF31jUSgaw$zyKzrjrf72sadn86EMijsxldB85+helphraHeQ9yd+U=",NULL,"04f47477-0ba7-4557-b32d-58ef59996494","2025-11-14 21:07:21+05:30","2025-11-17 07:09:48+05:30","cjackson@example.com","1406253652517","Wendy Edwards",False,True,False,"1987-02-16","male",True,"2025-11-14 21:07:21+05:30","1.0.0","doctor","active",NULL,NULL,True,True,"+91"
"pbkdf2_sha256$720000$GkmWcgK2pfs5KTio$MbLShmHk42qNREceC/oGLGsasN2ggbfuHKxmfUrz7NA=",NULL,"4bc70bd4-5126-498a-b7cf-cd2af711bfab","2025-11-09 19:27:23+05:30","2025-11-27 16:24:08+05:30","brittanymills@example.org","2317172927040","Tiffany Jacobson",False,True,False,"1989-02-10","female",True,"2025-11-09 19:27:23+05:30","1.0.0","doctor","active",NULL,NULL,True,True,"+91"
"pbkdf2_sha256$720000$w+O7D+8sPlnagAWS$cwKBZoUMgrixiQDuSl19oC3QiZz5ZDhtu4pHus5ugX8=",NULL,"cdad0847-acb1-4971-8198-88f08099a05a","2025-11-16 11:30:13+05:30","2025-11-28 17:16:31+05:30","jacobrodriguez@example.com","6721505574823","Cassandra Hood",False,True,False,"1949-12-15","other",True,"2025-11-16 11:30:13+05:30","1.0.0","doctor","active",NULL,NULL,True,True,"+91"
"pbkdf2_sha256$720000$JckSvUmG7ibhAOBo$49jDeP8lB8uLDdKIOUBlEOWqI4xVrsTM47vnbTKFGUQ=",NULL,"d239f883-9791-4d8b-a4ce-dd20031910c4","2025-12-03 08:37:52+05:30","2025-12-16 05:58:38+05:30","mckayamber@example.com","7411284189165","Elizabeth Williams",False,True,False,"1973-11-24","other",True,"2025-12-03 08:37:52+05:30","1.0.0","doctor","active",NULL,NULL,True,False,"+91"
"pbkdf2_sha256$720000$jEoVBqqzkpuWQzSY$9S4ui+vhOzchJ8FXN5qVeI8N7EZkYzKGpmETqjai39w=",NULL,"a3aecac4-da9c-4e31-8592-8c6e73f1527b","2025-12-14 14:41:36+05:30","2025-12-20 03:36:26+05:30","smithgregory@example.org","3036687424881","Stacey Ortiz",False,True,False,"1956-08-15","female",True,"2025-12-14 14:41:36+05:30","1.0.0","doctor","active",NULL,NULL,False,False,"+91"
"pbkdf2_sha256$720000$zR684Xx30pAgQy4Y$YezBkEeYE0XsJkj9ERMRMjQR6ovgSKS4/L7y1MSvaBI=",NULL,"f80950c9-f6ff-4746-95b6-293116cdc5d0","2025-12-17 14:22:48+05:30","2025-12-24 18:15:16+05:30","xhenry@example.org","1272424971646","Kelly Cole DDS",False,True,False,"2002-09-06","male",True,"2025-12-17 14:22:48+05:30","1.0.0","doctor","active",NULL,NULL,False,True,"+91"
"pbkdf2_sha256$720000$OgNwy9vtapQe6RdZ$K2LSUj1HqgsTHoqy/uJkMjvHMBcwdWutou5zgxIuQl8=",NULL,"1e01d9a8-c10e-4874-883b-201279538508","2025-11-06 21:05:40+05:30","2025-11-26 03:50:50+05:30","stevenschristina@example.net","4328065865033","Cheryl Simmons",False,True,False,"1968-02-06","female",True,"2025-11-06 21:05:40+05:30","1.0.0","doctor","active",NULL,NULL,False,False,"+91"
"pbkdf2_sha256$720000$HtQKH27+srhiXZmY$ZPRwvZS83AKbDTbydk7YnnMExQN7qtYuSHD6TnzrMDE=",NULL,"5c734ff2-dda4-4d9d-a0a7-a4feef3524d3","2025-11-26 15:51:16+05:30","2025-12-14 21:26:06+05:30","jasondonovan@example.org","9841259820260","Jaime Gomez",False,True,False,"1977-10-14","male",True,"2025-11-26 15:51:16+05:30","1.0.0","doctor","active",NULL,NULL,False,True,"+91"
"pbkdf2_sha256$720000$vPla3qMDGTM4R8fN$RG1kaeqQG6m/aWtO3NI/8ex/wsiuY+14l9but0DDhMI=",NULL,"b5a77a58-1cd1-47cb-a241-b091e4828963","2025-12-08 11:18:40+05:30","2025-12-18 16:41:29+05:30","chapmanthomas@example.net","5235776398110","Mark Wheeler",False,True,False,"2003-07-31","other",True,"2025-12-08 11:18:40+05:30","1.0.0","doctor","active",NULL,NULL,False,True,"+91"
"pbkdf2_sha256$720000$dQ6bdXn2SfxOHTdy$GSrKIjdId+XtymzHjcu19fpjHBEZliI6jnJN8CI7+tw=",NULL,"0f24bb64-3623-41ee-96b2-d1274282d491","2025-12-16 03:25:02+05:30","2025-12-21 16:31:50+05:30","anthony05@example.net","9433801253689","Michelle Gonzales",False,True,False,"2004-11-20","other",True,"2025-12-16 03:25:02+05:30","1.0.0","doctor","active",NULL,NULL,False,True,"+91"
"pbkdf2_sha256$720000$fmEZsUr3Nc2yPwaI$TGLKh2kFmvcqWUiui8P8F3LTb0WqsIiCUFELoWDRIGk=",NULL,"e1eb2e69-2da2-4076-ae69-d6ae6652b912","2025-11-25 05:18:18+05:30","2025-12-20 22:37:45+05:30","danielle87@example.org","7099644545900","Morgan Williams",False,True,False,"1964-01-20","female",True,"2025-11-25 05:18:18+05:30","1.0.0","doctor","active",NULL,NULL,True,True,"+91"
"pbkdf2_sha256$720000$2lvOL9bDjNn5T7Gf$z7s1R5mBNI/na9nhv+Xr/Ra5MSktj1wFSRB6bIZeDgw=",NULL,"0bdb0af0-3f27-4310-b423-26d4aa833acb","2025-11-16 07:41:29+05:30","2025-12-24 13:33:16+05:30","katie90@example.org","0852511126310","Anthony Glover",False,True,False,"1968-05-07","female",True,"2025-11-16 07:41:29+05:30","1.0.0","doctor","active",NULL,NULL,False,False,"+91"
"pbkdf2_sha256$720000$BWQIBfHyj8zFTuHF$bZNEKV6YFZ0wSIyUK2JtPfqYz1yv3oaaPuZCy5RkvWU=",NULL,"8ee5d2cb-0b93-4e1e-abec-268bd45c0af1","2025-11-16 05:21:36+05:30","2025-11-22 20:31:14+05:30","tmiller@example.net","0093194746814","Larry Daugherty",False,True,False,"1992-05-19","other",True,"2025-11-16 05:21:36+05:30","1.0.0","doctor","active",NULL,NULL,False,True,"+91"
"pbkdf2_sha256$720000$79dQt9H9pSZEJvrE$2rn5nwwXDtjpZCNQ75JuvUjD7LAED6R+O/3O62s9OT8=",NULL,"0b8a8956-6a64-4cf9-b03a-dfc542f64efb","2025-11-04 17:30:03+05:30","2025-12-24 00:33:31+05:30","tinalynn@example.org","5979337418224","David Martin",False,True,False,"1954-08-08","female",True,"2025-11-04 17:30:03+05:30","1.0.0","doctor","active",NULL,NULL,True,True,"+91"
"pbkdf2_sha256$720000$6XqHrDiF4aNuBfZo$72Qjcc3mMqEda5MrX9SUMxG3Du5EqDw/KnZNa6YbLw4=",NULL,"29d3fee9-9d6e-4e21-83a0-1c89abeafc8f","2025-11-13 02:08:54+05:30","2025-11-21 20:19:51+05:30","hudsonmichael@example.org","1981053522859","Brett Nunez",False,True,False,"1945-11-30","other",True,"2025-11-13 02:08:54+05:30","1.0.0","doctor","active",NULL,NULL,False,True,"+91"
"pbkdf2_sha256$720000$aUr87g362mcy9oWr$BUFcGj93CnGvdC7kbEEFrXWPvBNYKB7P8NO+hM3TjIw=",NULL,"f75afa50-de79-4ab1-a7dd-cc68bb0422d1","2025-12-01 08:16:09+05:30","2025-12-19 04:17:14+05:30","brownalexandra@example.net","5847080757285","Lisa Rodriguez",False,True,False,"1960-07-18","female",True,"2025-12-01 08:16:09+05:30","1.0.0","doctor","active",NULL,NULL,True,True,"+91"
"pbkdf2_sha256$720000$XmEKpbu3Vg1LUMqW$hz7GyFP3FrZaEBHf5YCRyyShpVOy+BW3hl1yIv6ykN0=",NULL,"de0c50c6-1341-47f3-a914-02d56161be58","2025-11-06 20:48:38+05:30","2025-12-01 09:26:51+05:30","rachaelhaney@example.net","9633307077092","Tiffany Sullivan",False,True,False,"1995-11-05","female",True,"2025-11-06 20:48:38+05:30","1.0.0","doctor","active",NULL,NULL,True,True,"+91"
"pbkdf2_sha256$720000$Hx2s+ut8ZMu4w/w5$Db/gkNxKHEYAhVv4DGSMmC4hp4zhpSMsEQ1acNJAyQw=",NULL,"5e1ce242-cb82-46e8-88b0-c3046c7e9fd1","2025-12-15 13:29:40+05:30","2025-12-20 02:43:42+05:30","roy51@example.com","8560080020099","Bradley Lang",False,True,False,"1990-02-27","female",True,"2025-12-15 13:29:40+05:30","1.0.0","doctor","active",NULL,NULL,True,True,"+91"
"pbkdf2_sha256$720000$ewRrDzJ2ZwOype7c$BO6Ac6GAOPyQ01h5Q5iikjw6B+ojMMr2b4uEeg+MrqY=",NULL,"d332209a-2293-4384-be7e-35a2ab5f65d2","2025-11-28 08:47:41+05:30","2025-12-05 23:18:36+05:30","vwilliams@example.net","9150291233965","Michael Parsons",False,True,False,"1946-07-22","female",True,"2025-11-28 08:47:41+05:30","1.0.0","doctor","active",NULL,NULL,False,True,"+91"
"pbkdf2_sha256$720000$MxL9AXDv9yfjrelB$1b/i7Cr+ezmsiwYEQffLgVgOeEyBYjSyiLHIU098Ndg=",NULL,"4018536b-bada-4091-bbe6-d7c0d5568262","2025-11-27 21:58:29+05:30","2025-12-14 19:16:03+05:30","tiffany69@example.net","7353565664541","Daniel Cook",False,True,False,"1979-10-02","male",True,"2025-11-27 21:58:29+05:30","1.0.0","doctor","active",NULL,NULL,False,False,"+91"
"pbkdf2_sha256$720000$JmyyjSsg0VM+ImRR$sAPm1dLPVkwhR0iNOQMOY/md6rKY0dJ8sf3Sn2GYUb8=",NULL,"1dc09407-9a80-4c88-ace0-35669a31270a","2025-12-08 23:35:19+05:30","2025-12-15 11:59:52+05:30","kelleybrian@example.net","8137357130733","Andrea Romero",False,True,False,"1958-08-30","male",True,"2025-12-08 23:35:19+05:30","1.0.0","doctor","active",NULL,NULL,True,True,"+91"
"pbkdf2_sha256$720000$Camoti1UAfHlG67X$d+s3XnwtwxH9/bdCEzA9GDCkYSy3mAHrAj8ZwOPhn48=",NULL,"ee2a4b89-1d9e-44ab-b6ed-5012476ad42e","2025-12-04 12:22:46+05:30","2025-12-22 20:12:27+05:30","brianbutler@example.net","2605514174184","Robin Underwood",False,True,False,"1949-08-06","female",True,"2025-12-04 12:22:46+05:30","1.0.0","doctor","active",NULL,NULL,False,True,"+91"
"pbkdf2_sha256$720000$lfnvOJKNre6eFW8a$u+hUub2j0TZlTXWTONO9IlQPamxeq8D3xdiz0vaxbPY=",NULL,"31bfe1c4-9212-4d00-948b-fbd17bb16edc","2025-11-20 08:49:06+05:30","2025-12-07 12:25:06+05:30","susan75@example.com","8081270719431","Beth Kim",False,True,False,"1968-01-23","other",True,"2025-11-20 08:49:06+05:30","1.0.0","doctor","active",NULL,NULL,False,False,"+91"
"pbkdf2_sha256$720000$OdN5/Nyp1S6JV8tr$B8dZw4GhjuLa+0DlituBdiZDoFMd4N8BwNM3ZuMWmuE=",NULL,"be2be9fa-8ecc-40c3-9bc7-61f95afea21f","2025-12-22 10:51:05+05:30","2025-12-23 01:47:53+05:30","cfernandez@example.org","9268071815836","Debbie Reyes",False,True,False,"1948-01-16","male",True,"2025-12-22 10:51:05+05:30","1.0.0","doctor","active",NULL,NULL,True,True,"+91"
"pbkdf2_sha256$720000$T5KlG3V0OFQ9jhVs$2ZGjc5Zg0By3CtEXS+NuFw1kkSZD0QjJ4lWt8/isCck=",NULL,"9cbf6ecb-307b-46ec-80e2-0ee5044d4b7d","2025-11-08 12:56:03+05:30","2025-11-24 23:14:39+05:30","shane39@example.com","6490424937865","Ashley Zavala",False,True,False,"1957-03-23","male",True,"2025-11-08 12:56:03+05:30","1.0.0","doctor","active",NULL,NULL,True,True,"+91"
"pbkdf2_sha256$720000$Y7x9vVDYQ8rax9zv$2WIsiTvYngujAOU8+2b8VzYcQ7CthjWzC8R+VSevTv0=",NULL,"b4317b08-5d7a-4f73-8cba-dda1e9fb2b4a","2025-12-21 18:59:09+05:30","2025-12-24 21:42:36+05:30","timothy37@example.net","4358187239814","Ashley Donaldson",False,True,False,"1998-11-01","other",True,"2025-12-21 18:59:09+05:30","1.0.0","doctor","active",NULL,NULL,False,False,"+91"
"pbkdf2_sha256$720000$3X4T7kpop82sXPhn$xehKAtjVycqD4K2In6o8JIqXKRtAdPqwQzopsbE1d7k=",NULL,"5c81d8a4-d505-4381-aa54-d26cea8cf5f9","2025-12-22 00:58:33+05:30","2025-12-23 08:16:44+05:30","bhoffman@example.org","5312253120935","Michael Campbell",False,True,False,"2004-04-10","other",True,"2025-12-22 00:58:33+05:30","1.0.0","doctor","active",NULL,NULL,True,True,"+91"
"pbkdf2_sha256$720000$5fFo2m1ogXezwb+S$afVC0RYdDcLIGaHHFPYw1JF/qGUpfIJw76TBpdLkJsQ=",NULL,"e980edad-c421-432c-b7bd-4fdc3e05461a","2025-11-15 11:33:10+05:30","2025-11-17 19:58:07+05:30","christianrivera@example.net","9075243538154","Mary Bowen",False,True,False,"1982-03-26","female",True,"2025-11-15 11:33:10+05:30","1.0.0","doctor","active",NULL,NULL,True,True,"+91"
"pbkdf2_sha256$720000$1eOr1jtw/pSAt12N$XcaMwPwhfeYsAoGVq5qzf5dUC83/9dgJIkM91LVAe7I=",NULL,"0c61f480-da62-42a8-9576-32d97a760991","2025-11-08 03:42:44+05:30","2025-11-22 01:38:12+05:30","brittney89@example.net","6541524960736","Kristin Chapman",False,True,False,"2002-01-03","other",True,"2025-11-08 03:42:44+05:30","1.0.0","doctor","active",NULL,NULL,False,False,"+91"
"pbkdf2_sha256$720000$m4HVDmqee3i7NEKb$6JCyUIkZKNyPCN7aR2QiDE40IwlOu3bho7jsSaUQT6o=",NULL,"d74f9368-19da-48f5-a82f-3cbd34a04ce4","2025-12-04 03:20:13+05:30","2025-12-05 06:41:31+05:30","wilkinsonmichael@example.org","7501276785206","Keith Evans",False,True,False,"1969-05-04","female",True,"2025-12-04 03:20:13+05:30","1.0.0","doctor","active",NULL,NULL,True,False,"+91"
"pbkdf2_sha256$720000$HfxxPCrVZCNtlqIa$78CGXiCyjcLqvFQuOcZuM2TNRGMvfepbE8rKf8XWta8=",NULL,"044d1ae4-99cf-4111-84e4-a0a8646a121b","2025-11-20 09:51:38+05:30","2025-12-02 00:16:05+05:30","sean90@example.com","6921128219546","Michael Johnson",False,True,False,"2001-10-21","female",True,"2025-11-20 09:51:38+05:30","1.0.0","doctor","active",NULL,NULL,True,False,"+91"
"pbkdf2_sha256$720000$y5s7pe05uTYTiMke$3DTRjZnWCRmHZ8L9F9o8K0zOwA1HKVMuFMcpU1O2o9c=",NULL,"1550c40d-8863-4b71-ae39-a12b2bcf5c49","2025-12-03 12:52:39+05:30","2025-12-05 00:01:06+05:30","barreraamber@example.net","9739680186448","Nicholas Lopez",False,True,False,"1993-03-12","other",True,"2025-12-03 12:52:39+05:30","1.0.0","doctor","active",NULL,NULL,False,True,"+91"
"pbkdf2_sha256$720000$UYC/+T+IsfDdKd3p$qpsqiWYf9x4C9tHbJ0vMgok3YfcGCM+m8Ea8ubIWENI=",NULL,"eab50241-96eb-4854-95d3-1b12893108d3","2025-12-16 05:02:14+05:30","2025-12-22 15:47:30+05:30","wilsonjason@example.org","5556374212127","Gregory Jordan",False,True,False,"1968-05-05","other",True,"2025-12-16 05:02:14+05:30","1.0.0","doctor","active",NULL,NULL,True,True,"+91"
"pbkdf2_sha256$720000$BrDLDfETM3N2DWZk$EFNCg8PrQEMBnz7QI0wgWVCV4Lxr8xVvKoLFFXr2Bxg=",NULL,"9d9a3a7a-6251-4441-8007-7d16b56ca17d","2025-11-16 20:33:38+05:30","2025-12-21 06:18:56+05:30","fosterandrea@example.org","2408818535255","Robin Webb",False,True,False,"1991-10-16","female",True,"2025-11-16 20:33:38+05:30","1.0.0","doctor","active",NULL,NULL,True,False,"+91"
"pbkdf2_sha256$720000$FX3NSateSRsRd6jG$0MG/nHJD9Kx+wg0geHdk9DxkZarNT/cfI+d/F3xownY=",NULL,"899ff04e-6f8a-4c24-9c85-4cad60d11ab8","2025-12-18 00:02:02+05:30","2025-12-18 09:16:36+05:30","haasrebecca@example.com","3161360971934","Mr. Brian Davis",False,True,False,"1969-03-18","female",True,"2025-12-18 00:02:02+05:30","1.0.0","doctor","active",NULL,NULL,True,False,"+91"
"pbkdf2_sha256$720000$McF9s8uXHKLD69uV$yDC4hNlBv415pNjpTEE9zdcNI0mngD5ncOkEktJzzpk=",NULL,"51466b59-1257-4696-8acf-8c4cefbb843b","2025-12-15 01:58:28+05:30","2025-12-17 03:33:17+05:30","tammie99@example.com","1619836557884","Stacy Davis",False,True,False,"2002-11-07","male",True,"2025-12-15 01:58:28+05:30","1.0.0","doctor","active",NULL,NULL,False,True,"+91"
"pbkdf2_sha256$720000$HI8LEdG75xJKz5Mb$MYl62M8gn51Fh8wkS3HNk5BMREJBq2aoEeojyK8tVFk=",NULL,"247bcb03-6b78-417d-93cb-2e760e2afdeb","2025-12-12 07:25:15+05:30","2025-12-17 09:42:13+05:30","amy91@example.org","3847739846842","David Bruce",False,True,False,"1957-07-19","other",True,"2025-12-12 07:25:15+05:30","1.0.0","doctor","active",NULL,NULL,False,False,"+91"
"pbkdf2_sha256$720000$myYB04N7rmKeRoOV$rAsq99fIu+RA4rgI7G2bB5zUjXTqCdfc53aw+4Wd0wU=",NULL,"99c2ba12-ba41-4952-bf5e-c2ce236e9902","2025-11-11 00:55:31+05:30","2025-11-14 16:12:50+05:30","patrickkathryn@example.org","1680627630937","Christopher Smith",False,True,False,"1990-12-03","female",True,"2025-11-11 00:55:31+05:30","1.0.0","doctor","active",NULL,NULL,True,False,"+91"
"pbkdf2_sha256$720000$J1FmcVB5Nfx4wlg6$1ibh8X1ww6wILM08BeDVvf8JUGz9mgDoW5PwajY7VpA=",NULL,"4617c35e-4403-4acd-b26b-606bd5b31090","2025-11-28 09:18:12+05:30","2025-12-03 06:12:41+05:30","smithchristopher@example.net","0739522014576","Jeffrey Kelly",False,True,False,"1981-05-25","other",True,"2025-11-28 09:18:12+05:30","1.0.0","doctor","active",NULL,NULL,True,True,"+91"
"pbkdf2_sha256$720000$IodPUokSkO5d0QLw$6iRL81WxNRLZkAH/orJsGAG6yhn4r6DyUrAKrtfbu6c=",NULL,"26bd3fb6-791e-46cb-829a-24bccae56ae1","2025-11-09 01:55:08+05:30","2025-11-30 10:46:06+05:30","ysmith@example.org","2678111352152","Chris Carroll",False,True,False,"1999-05-22","female",True,"2025-11-09 01:55:08+05:30","1.0.0","doctor","active",NULL,NULL,True,False,"+91"
"pbkdf2_sha256$720000$eR8KUUAaKgwphljb$If2PdJx1i37/++/fZgEOfxIncYY9J9cCTgEbXzo0UqM=",NULL,"a0fb3b62-4055-4008-982f-8450337dc81b","2025-11-18 23:56:49+05:30","2025-11-19 22:54:42+05:30","ronald92@example.net","7781333712263","Toni Johnson",False,True,False,"1980-04-12","other",True,"2025-11-18 23:56:49+05:30","1.0.0","doctor","active",NULL,NULL,False,False,"+91"
"pbkdf2_sha256$720000$2b0CRRLWM7qUpg0K$f8w895sfItK9lQJL2WVh12YLeO3oakTBV5jTK8IPBoM=",NULL,"96368ab8-0ab9-45c8-8411-f7257f99885a","2025-11-22 12:02:42+05:30","2025-12-17 11:43:06+05:30","erin87@example.com","3614498246981","Julie Bernard",False,True,False,"1965-07-01","other",True,"2025-11-22 12:02:42+05:30","1.0.0","doctor","active",NULL,NULL,True,False,"+91"
"pbkdf2_sha256$720000$quCmlH9GV2j2p8v1$mv9N0ycQk4bJipdLkhoOAvdKIFI0LDAE8WE4xGYohw0=",NULL,"1f1ea8f3-b4a6-4dea-bdf5-00ad4f25b374","2025-12-07 11:03:38+05:30","2025-12-16 00:10:25+05:30","lreed@example.net","4164859143778","Barbara Parsons",False,True,False,"1994-10-28","other",True,"2025-12-07 11:03:38+05:30","1.0.0","doctor","active",NULL,NULL,True,False,"+91"
"pbkdf2_sha256$720000$jvo/TybApoPtvR2R$eEitaB7xCsr9cAtbTho3PFFioPEuWK7eo+1UKyPeTXQ=",NULL,"7d6199d6-d9d5-46b9-8fed-f79486824130","2025-12-14 00:27:53+05:30","2025-12-15 18:09:35+05:30","fernandezrobert@example.com","6167215946212","Carolyn Alvarez",False,True,False,"1958-07-19","other",True,"2025-12-14 00:27:53+05:30","1.0.0","doctor","active",NULL,NULL,True,False,"+91"
"pbkdf2_sha256$720000$plCzdWg3Q48p08JU$7z2ZVGpJlY7Vz5NYnpdmGTa8aMk4yCunWmJRfLwiNgo=",NULL,"b2e16b5a-1466-46f0-8954-f9c39f134de4","2025-11-19 01:47:12+05:30","2025-11-24 10:22:16+05:30","ian87@example.net","2127973541392","Jimmy Brewer",False,True,False,"1979-04-27","male",True,"2025-11-19 01:47:12+05:30","1.0.0","doctor","active",NULL,NULL,True,False,"+91"
"pbkdf2_sha256$720000$PuYprzKJnCK3w4iH$EkMV46sLdWxN017vZ5yz+O9mZ+9/S6f/OqYz1NUVMEI=",NULL,"c82baff2-1376-4798-8ef5-5cd161c6a1b0","2025-11-25 01:03:50+05:30","2025-12-21 03:22:22+05:30","qjoseph@example.net","1650239051330","Jessica Warren",False,True,False,"1949-04-20","male",True,"2025-11-25 01:03:50+05:30","1.0.0","doctor","active",NULL,NULL,False,True,"+91"
"pbkdf2_sha256$720000$cF95ixQ7/3iNHlzi$+Y4f6rdYmi5kCHpg2ZW599ZGszIvtk/VOPpQ+8cz6z8=",NULL,"cbafef3c-3ad6-49cf-bb0d-e0eede2b27ed","2025-11-18 22:50:34+05:30","2025-12-03 20:26:29+05:30","ohorton@example.org","4921923646158","Patricia Burns",False,True,False,"1997-02-25","other",True,"2025-11-18 22:50:34+05:30","1.0.0","doctor","active",NULL,NULL,False,True,"+91"
"pbkdf2_sha256$720000$oHJihdHqrEJSp/fW$HK2joyi9zIVvOozdet5H7pmcpW2E/SdNR/T3Gn/uCl0=",NULL,"719cfd2d-81e3-4f1f-95a0-6559ddc64ef0","2025-12-21 10:23:23+05:30","2025-12-24 02:59:42+05:30","michellemorales@example.org","8825626322253","Christine Bridges",False,True,False,"2002-11-26","male",True,"2025-12-21 10:23:23+05:30","1.0.0","doctor","active",NULL,NULL,True,True,"+91"
"pbkdf2_sha256$720000$Go/dPWOkIulL3VTL$QGP5ql31gIZPYFyCkH3qwBXrXLDL+PPoIFKj0m3v4DU=",NULL,"fe9f8f1e-47e3-42e5-a174-9d35b296070d","2025-11-04 16:28:09+05:30","2025-12-01 14:23:33+05:30","john95@example.net","2007591181034","John Yates",False,True,False,"2007-11-27","other",True,"2025-11-04 16:28:09+05:30","1.0.0","doctor","active",NULL,NULL,False,False,"+91"
"pbkdf2_sha256$720000$G5+nE1u+PKsSthVk$LpKFvinl5GWx39ZVdm0Tunp2Rk/CxeDW2c+xHVKKpys=",NULL,"2c63f0c9-99ad-4d4d-8890-5e1152733816","2025-12-09 11:14:33+05:30","2025-12-23 09:56:20+05:30","adamscynthia@example.org","3034594278064","Brenda Mays",False,True,False,"2000-12-16","other",True,"2025-12-09 11:14:33+05:30","1.0.0","doctor","active",NULL,NULL,True,True,"+91"
"pbkdf2_sha256$720000$Y/nsW2VIadumTILy$hYX/kyTqnjhnw5vGqUVQ9qdLU7RCoGrUi9xToEX6H2s=",NULL,"dec274c6-bcf0-4425-895f-5b1f6fb98603","2025-12-13 03:55:45+05:30","2025-12-14 07:18:17+05:30","donnapaul@example.com","8882927437639","Tammy Chambers",False,True,False,"1988-11-12","female",True,"2025-12-13 03:55:45+05:30","1.0.0","doctor","active",NULL,NULL,True,True,"+91"
"pbkdf2_sha256$720000$TuLXxEYMaoymIdXA$Y3nn1CPkhuaHyLrvDfj+ojXOuBWrI4hjrOrsHZnPr4w=",NULL,"0a7a4b5a-801b-432c-85b3-52dbdb6e4019","2025-12-12 10:09:32+05:30","2025-12-20 13:07:44+05:30","hughesmisty@example.org","4873124964212","Jordan Meyer",False,True,False,"2004-11-03","male",True,"2025-12-12 10:09:32+05:30","1.0.0","doctor","active",NULL,NULL,True,True,"+91"
"pbkdf2_sha256$720000$ctpk4J1Y8vkvZEpx$zf5e7CI8d3nzr1f0rRUFPLQ8iCtKYYm/TTGmWnojj/0=",NULL,"eff0b7c3-aef2-491b-a572-af5a6062f085","2025-12-13 14:28:24+05:30","2025-12-18 14:13:32+05:30","wilsonmelanie@example.com","7262221153135","Kimberly Williams",False,True,False,"1972-07-21","other",True,"2025-12-13 14:28:24+05:30","1.0.0","doctor","active",NULL,NULL,False,False,"+91"
"pbkdf2_sha256$720000$uFAjDrT2pEvxQAxx$uMFez7Dc2l7pBXOEpcoP6acqcWEOBEWvHRw/xCDj3Js=",NULL,"e201f6bf-ef25-45ab-a089-3a2690eed844","2025-11-17 06:09:11+05:30","2025-12-08 19:34:30+05:30","nicholasstephenson@example.com","2834788809435","Lori Kelly",False,True,False,"1987-08-25","female",True,"2025-11-17 06:09:11+05:30","1.0.0","doctor","active",NULL,NULL,False,False,"+91"
"pbkdf2_sha256$720000$1kx9NjVSdfMYA2y1$Pe8kPvchq2HGxeVKiEMn9AuUXYbx+YuiPKuMno2ng5A=",NULL,"e84b991a-560d-476a-989e-06f0294c6717","2025-12-20 07:00:45+05:30","2025-12-22 18:40:12+05:30","ghawkins@example.net","5319206623180","Paul Bruce",False,True,False,"1976-02-12","other",True,"2025-12-20 07:00:45+05:30","1.0.0","doctor","active",NULL,NULL,True,False,"+91"
"pbkdf2_sha256$720000$rMmtcktzkaeZnEXO$ZFUbd73UDHVR1KfVsPGYOAidITbmZjPd9LKnIqWkXAo=",NULL,"4f71e393-f30d-43c8-961b-023f694dd35b","2025-11-27 00:46:16+05:30","2025-12-21 03:18:38+05:30","ocarter@example.net","7053835497193","Veronica Curry",False,True,False,"1961-04-19","other",True,"2025-11-27 00:46:16+05:30","1.0.0","doctor","active",NULL,NULL,False,True,"+91"
"pbkdf2_sha256$720000$DHycs7Cecu4uqyG/$/9BdJu9okbokwyUBl3LrFfSpaZv1b4dQIk6OezBwhfU=",NULL,"a8426c5b-9d78-4508-ae36-53ad59107f4f","2025-12-04 19:36:27+05:30","2025-12-13 22:28:56+05:30","eryan@example.com","3160548005926","Tina Hernandez",False,True,False,"1953-10-16","female",True,"2025-12-04 19:36:27+05:30","1.0.0","doctor","active",NULL,NULL,True,False,"+91"
"pbkdf2_sha256$720000$lz0Pr5w28c57XJLO$oojemwgLbutSxFPnGLzfSuHVaqUcu30VbPDPhnPe3ec=",NULL,"2ff3060d-41a4-4deb-9cae-a2c261257346","2025-12-19 03:43:58+05:30","2025-12-22 18:21:43+05:30","robert19@example.net","7415464241385","Maria Lee",False,True,False,"1983-05-09","male",True,"2025-12-19 03:43:58+05:30","1.0.0","doctor","active",NULL,NULL,False,True,"+91"
"pbkdf2_sha256$720000$oTii5DTQRMU0IESy$Ot5chjTIYXZpo7SWuEKI1VIbwOoeYpc17l66id1nmc4=",NULL,"61f09c4d-a967-4693-9b51-a0cba6039784","2025-12-18 07:17:00+05:30","2025-12-24 21:32:57+05:30","zacharymurphy@example.org","3474103259337","Mary Morales",False,True,False,"1978-06-07","male",True,"2025-12-18 07:17:00+05:30","1.0.0","doctor","active",NULL,NULL,False,True,"+91"
"pbkdf2_sha256$720000$naElFSDw48BANwqC$KwIj/xsPRYk7ON7KMuq7B+8Bkh8YA9+5ZGUR7B0RV6I=",NULL,"4b1294aa-7c66-4d54-93c8-e9f0cba84914","2025-12-23 12:55:32+05:30","2025-12-24 09:14:13+05:30","lorijackson@example.com","2834072658202","Nicholas Brown",False,True,False,"1970-09-16","female",True,"2025-12-23 12:55:32+05:30","1.0.0","doctor","active",NULL,NULL,False,False,"+91"
"pbkdf2_sha256$720000$THDizP6TcwJkyf9n$14y+F0pXZqYhncZFkuvTuJ/17G33/28YIg92HEtKRZ4=",NULL,"bca1ed1c-5dd6-428f-8db7-0b57401cede1","2025-12-21 06:17:12+05:30","2025-12-21 12:38:00+05:30","nharvey@example.com","2309446102973","Wayne Mckenzie",False,True,False,"1956-03-06","other",True,"2025-12-21 06:17:12+05:30","1.0.0","doctor","active",NULL,NULL,False,True,"+91"
"pbkdf2_sha256$720000$8/KXRFjtIehI79+A$cipUele/H9MwnKMWbp0M5FLfGKaPs8jjhGP8mEeWOzU=",NULL,"f3f28c0d-3898-4d03-b29e-8b033b6468f6","2025-12-18 09:34:56+05:30","2025-12-24 14:58:15+05:30","sarah77@example.com","0387257328314","Bradley Bond",False,True,False,"2003-01-27","female",True,"2025-12-18 09:34:56+05:30","1.0.0","doctor","active",NULL,NULL,False,False,"+91"
"pbkdf2_sha256$720000$qtTrnXlGNGfO/qgx$njWDwwEZUKZ9xfL9jOYQwsucL0OkFDT9WYSK9HLqthY=",NULL,"289a7824-7ae9-4353-a442-21d07209cd89","2025-11-12 23:03:01+05:30","2025-12-14 20:05:39+05:30","oscarwilliamson@example.com","0982729244087","Stephanie Smith",False,True,False,"2005-04-23","male",True,"2025-11-12 23:03:01+05:30","1.0.0","doctor","active",NULL,NULL,True,False,"+91"
"pbkdf2_sha256$720000$QBNvtsunHVtT2N8C$9Uxm024iJ+gQiWMpiLsPiUByPuHrrjVUjKvo1fnBtmk=",NULL,"b48e3e48-3d50-4901-95a1-9be4498a6bfa","2025-12-07 05:39:50+05:30","2025-12-10 08:10:23+05:30","angela12@example.com","0253790864686","Phillip Williams",False,True,False,"1952-01-02","other",True,"2025-12-07 05:39:50+05:30","1.0.0","doctor","active",NULL,NULL,True,True,"+91"
"pbkdf2_sha256$720000$yFN27R1MMpFwJauF$GqWL8T/476NmFNKlY8BgU/OsElMdFqYQaByjNeo/XaA=",NULL,"ede3e4b3-7289-44df-b080-1119cbd75e8b","2025-11-11 14:03:08+05:30","2025-12-21 09:15:58+05:30","fdowns@example.net","4966871040108","Susan Stark DVM",False,True,False,"1984-03-04","other",True,"2025-11-11 14:03:08+05:30","1.0.0","doctor","active",NULL,NULL,True,True,"+91"
"pbkdf2_sha256$720000$rBLmpwcWQ0x/7LLt$iOxJBWi1Xl2uZfH6kvclngzumrsDFzLaRteChB3MzLU=",NULL,"07ef5410-d35f-48de-8ef5-330810ea3712","2025-11-28 05:13:48+05:30","2025-12-16 12:49:48+05:30","yschroeder@example.org","6791062693838","William Johnson",False,True,False,"1989-01-29","female",True,"2025-11-28 05:13:48+05:30","1.0.0","doctor","active",NULL,NULL,True,False,"+91"
"pbkdf2_sha256$720000$suxt7Zeh4kIn/6Ln$1x6yXzhWiQoUgKpbeh6JhWyoyUO63piyiZ+VoMQsbVI=",NULL,"5e231b91-8ba9-4dfd-9758-d5f28417c1f0","2025-11-29 15:34:46+05:30","2025-12-13 06:50:59+05:30","zsullivan@example.com","0112533702363","Chloe Baxter",False,True,False,"1950-01-28","male",True,"2025-11-29 15:34:46+05:30","1.0.0","doctor","active",NULL,NULL,False,False,"+91"
"pbkdf2_sha256$720000$ZhpzRyHlWlUcEM/5$7o0k2FztQh3tepiXUnLGNC9c/xe49UIbHm8uV7ITnug=",NULL,"8eed5d3e-5e51-44f1-a6af-9cdb2b52ee71","2025-11-21 17:55:10+05:30","2025-12-16 02:28:07+05:30","debrawaller@example.com","0322828431283","Roger Medina",False,True,False,"1962-06-30","male",True,"2025-11-21 17:55:10+05:30","1.0.0","doctor","active",NULL,NULL,False,False,"+91"
"pbkdf2_sha256$720000$hFVBmqfSp4/qqlRg$N0OPRaTDlxR+khgb04o18aBYsUEgx+qSnPqzdAd9vR4=",NULL,"8fc62e84-4eb2-4667-9112-aebe3ab4d96e","2025-12-10 15:12:24+05:30","2025-12-12 00:09:31+05:30","adrianabrown@example.com","1553767051819","Maria Edwards",False,True,False,"1978-07-02","male",True,"2025-12-10 15:12:24+05:30","1.0.0","doctor","active",NULL,NULL,True,True,"+91"
"pbkdf2_sha256$720000$hH5lzMUAuvZe0ajk$af4Vsz4dxSHYbjiimzxzYkrzS/eYw+zKYoQGIj3KLBw=",NULL,"d5913581-e58b-4309-bd0b-be5ee4bd5929","2025-12-02 16:42:37+05:30","2025-12-05 15:55:33+05:30","hodgesfelicia@example.com","8920956643684","Katherine Mcdaniel",False,True,False,"1984-07-13","male",True,"2025-12-02 16:42:37+05:30","1.0.0","doctor","active",NULL,NULL,False,True,"+91"
"pbkdf2_sha256$720000$zjKnLd4MTWITXcyh$g5umoKLMLAgzn4s4c5B2f+Ja4PPdnU+99e3ZFa7hpFE=",NULL,"e4df99b3-a113-4514-8d0b-f3e00f51f556","2025-12-09 15:07:41+05:30","2025-12-19 01:41:30+05:30","cummingspatricia@example.org","4920577734381","Joseph Robinson",False,True,False,"1949-03-25","female",True,"2025-12-09 15:07:41+05:30","1.0.0","doctor","active",NULL,NULL,True,False,"+91"
"pbkdf2_sha256$720000$+kxBBO8AQfq5EC3e$r6C0I6ZK4A45RPKNl8OFf/OzrdxTlKdxz0A6SBKVjp0=",NULL,"a4c29d2f-42c9-4adf-b20e-0246afa3040c","2025-11-19 19:18:58+05:30","2025-12-15 20:21:34+05:30","oharris@example.org","0258003151285","Michael Chen",False,True,False,"1978-01-05","male",True,"2025-11-19 19:18:58+05:30","1.0.0","doctor","active",NULL,NULL,True,False,"+91"
"pbkdf2_sha256$720000$qydAQLEX3+rQ3UoJ$Trmtmxnc3SRG79yBR3mLcfgt01FE2f08b+FNfQftsU0=",NULL,"87c4a614-7f1f-4783-a157-418d550dddb5","2025-12-20 08:54:09+05:30","2025-12-21 23:40:43+05:30","tara15@example.com","6345389360036","Mrs. Julia Aguilar",False,True,False,"1961-09-15","male",True,"2025-12-20 08:54:09+05:30","1.0.0","doctor","active",NULL,NULL,False,True,"+91"
"pbkdf2_sha256$720000$AZYpny1sO+HU/eym$JnJMt0OxxrCVosVkr24ranDda9QbDSoHuUCpNAwV/wY=",NULL,"3775ac75-298f-4d91-a616-e52528ee6936","2025-12-14 16:59:21+05:30","2025-12-16 21:25:39+05:30","sdeleon@example.com","4733265078220","Jamie Harper",False,True,False,"1948-03-04","other",True,"2025-12-14 16:59:21+05:30","1.0.0","doctor","active",NULL,NULL,True,True,"+91"
"pbkdf2_sha256$720000$gQPmwta+9R9CEmYa$+PEykdQSjLgw0i3Fp1pv43hda7c+6ZrYs/g8tPste5U=",NULL,"b81c4797-cd82-4e43-aa2f-8d6aa21e9b50","2025-11-28 02:09:05+05:30","2025-12-03 17:54:26+05:30","rbanks@example.org","4818327343661","Katherine Hamilton",False,True,False,"1952-12-27","female",True,"2025-11-28 02:09:05+05:30","1.0.0","doctor","active",NULL,NULL,True,True,"+91"
"pbkdf2_sha256$720000$6mI71YHo6TaAPuUb$ki5yW9Qa1x4rcqGkPKcKQVKyXb6LdjK42ETxBsTsYg8=",NULL,"bfce4f65-30d4-4588-9da1-8d8c2f41e05d","2025-11-27 06:12:30+05:30","2025-12-20 11:06:18+05:30","daniel16@example.org","8188553204292","William Thompson",False,True,False,"1956-11-14","male",True,"2025-11-27 06:12:30+05:30","1.0.0","doctor","active",NULL,NULL,False,False,"+91"
"pbkdf2_sha256$720000$35tq4Fd5b46xYw+t$255kJuMjgEGB1r1g3sQT6xGwEL9xmt1DhjXuJWCgxwc=",NULL,"76d97cba-bdc3-4110-8663-a7f89b3ba856","2025-11-19 02:44:23+05:30","2025-11-29 05:26:06+05:30","jacquelinehill@example.org","3794526689918","Jason Walters",False,True,False,"1967-04-08","male",True,"2025-11-19 02:44:23+05:30","1.0.0","doctor","active",NULL,NULL,True,False,"+91"
"pbkdf2_sha256$720000$HjPbaLcySr8BG6RC$msIG9k8BDqSI2h2X+jvkKHCVQplsM+fW5hV3Pjtg9VQ=",NULL,"4c16e2fc-6ae9-42e0-b76d-9a360b9028c2","2025-12-21 18:50:28+05:30","2025-12-24 01:48:35+05:30","greendamon@example.net","2960401261262","Nichole Wright",False,True,False,"1989-02-22","male",True,"2025-12-21 18:50:28+05:30","1.0.0","doctor","active",NULL,NULL,True,False,"+91"
"pbkdf2_sha256$720000$LJxfi+5pd3KEPbiz$HKmjRnL4VHrbkHppLmZHdPRCc5UGtQtOugj9qS4g/9E=",NULL,"9d8b331a-a5d0-4e91-a312-3bdd1a60101e","2025-11-14 02:24:39+05:30","2025-12-23 16:25:26+05:30","qroy@example.org","8334797370899","Michelle Ballard",False,True,False,"1951-07-06","female",True,"2025-11-14 02:24:39+05:30","1.0.0","doctor","active",NULL,NULL,True,True,"+91"
"pbkdf2_sha256$720000$NGypeqbInxSOzQs+$XV3duVCp4ME12cSRAdQkLcK1MqoL0NmsMdcc04weUIo=",NULL,"8ad35802-bc56-4ec7-890f-a753d92fb902","2025-12-18 03:53:00+05:30","2025-12-22 17:30:03+05:30","angelamontoya@example.com","0200845419502","Dr. Cory Jensen",False,True,False,"1989-06-24","female",True,"2025-12-18 03:53:00+05:30","1.0.0","doctor","active",NULL,NULL,True,True,"+91"
"pbkdf2_sha256$720000$SRsr6tTcwf1fH6Dc$FWVhAMTHmS8qClNhvO+G6IHGsAHAADywJaHEuTSs7uU=",NULL,"03f37e51-66f6-405f-9ba0-49ea9374dab9","2025-11-26 22:40:15+05:30","2025-12-19 14:04:10+05:30","kimcrystal@example.com","2711973956306","Brian Rodriguez",False,True,False,"1991-08-23","male",True,"2025-11-26 22:40:15+05:30","1.0.0","doctor","active",NULL,NULL,True,False,"+91"
"pbkdf2_sha256$720000$FE2L6/D9FVMh2KUF$l/+QNCvfxrK/NAtxu+1srw2dy1aOkhYIW20wpDuXW+8=",NULL,"f0e145c7-0adc-4946-8147-63506f5dcb57","2025-11-06 21:55:00+05:30","2025-12-10 07:24:31+05:30","jessica16@example.net","1092758794013","Gina Gray",False,True,False,"1969-12-07","male",True,"2025-11-06 21:55:00+05:30","1.0.0","doctor","active",NULL,NULL,False,False,"+91"
"pbkdf2_sha256$720000$mBmUUXtiuvZdPkWd$UrovdTOrkuekrUynyaNTBFwPQRk8j64oybkfd6qD3hM=",NULL,"fe8aeea5-924f-4649-a2a1-50555c319ac3","2025-12-06 17:15:48+05:30","2025-12-09 22:17:14+05:30","bryan69@example.org","2194802377201","Lisa Duran",False,True,False,"2006-11-03","male",True,"2025-12-06 17:15:48+05:30","1.0.0","doctor","active",NULL,NULL,True,True,"+91"
"pbkdf2_sha256$720000$51UGOdx/DDKGb2Rk$w3zLa8JL+I8SY/BtiopXgnHYsAnNtZFqRd1d85og6Pg=",NULL,"c4fb0f01-6a4c-4b4e-83b6-8a7d7348a5e0","2025-11-19 11:25:24+05:30","2025-12-17 09:36:25+05:30","taramurray@example.com","8677803300606","Kevin Gonzalez",False,True,False,"1981-07-03","male",True,"2025-11-19 11:25:24+05:30","1.0.0","doctor","active",NULL,NULL,False,False,"+91"
"pbkdf2_sha256$720000$Hf3w/9OZ4TOh7IsZ$PmYG+jx12/2sbxf0wZyccy/ZG2GQyYB7thO25bJ637o=",NULL,"66901c37-6a4b-4b29-9d4b-ef6444f1f30c","2025-11-19 02:16:50+05:30","2025-12-05 14:31:27+05:30","jeffreyestrada@example.net","3772143904268","Chelsey Jones",False,True,False,"1967-01-18","male",True,"2025-11-19 02:16:50+05:30","1.0.0","doctor","active",NULL,NULL,False,True,"+91"
"pbkdf2_sha256$720000$qCpxUwTeSxolKEL1$cvPnp93aFOaXQh0wy1/CsJvuoOexUAwVIiG3VmoD940=",NULL,"76c8dca4-f661-463c-a548-58e70ecebfc0","2025-12-16 19:37:08+05:30","2025-12-21 07:49:55+05:30","ryaningram@example.com","4853212331402","Darlene Rivera",False,True,False,"1969-06-09","male",True,"2025-12-16 19:37:08+05:30","1.0.0","doctor","active",NULL,NULL,True,False,"+91"
"pbkdf2_sha256$720000$GANJk+5FzDTOQGjg$/yOZiK5PEXhPNT1B1gOxQImwHquocbR25vo3jptJB4g=",NULL,"aba1c3c4-9fe0-42a4-9cb2-cd51d6714fe2","2025-11-05 09:25:02+05:30","2025-11-20 05:26:44+05:30","david16@example.net","9493922645944","Brian Moore",False,True,False,"1998-12-28","other",True,"2025-11-05 09:25:02+05:30","1.0.0","doctor","active",NULL,NULL,True,False,"+91"
"pbkdf2_sha256$720000$fGVqnXUm7UXB9ByV$EOOVkKvFBTIwqVRjRKNM5+9VGdKL9x3GhCHuAZYUEvI=",NULL,"db60b3c8-d7bc-495c-a42c-267245da641f","2025-11-27 21:26:57+05:30","2025-12-24 22:36:24+05:30","royellis@example.com","7018701773930","Clinton Carr",False,True,False,"1994-02-16","male",True,"2025-11-27 21:26:57+05:30","1.0.0","doctor","active",NULL,NULL,False,True,"+91"
"pbkdf2_sha256$720000$Z3dttckOoUpO7Xpz$5Qj6g1Om+RNpxv17T/Vs2rCj+vPHE/fP/mqNRWzSuNg=",NULL,"92381d40-b923-455f-8cf4-e3dc59b16edc","2025-11-27 22:08:28+05:30","2025-12-17 03:55:08+05:30","williamperry@example.org","5665947015005","Andre Lynch",False,True,False,"1947-01-01","other",True,"2025-11-27 22:08:28+05:30","1.0.0","doctor","active",NULL,NULL,True,True,"+91"
"pbkdf2_sha256$720000$+xDheTb2xJ/g8YGQ$S7bwgpmiSqFVFCeqFOA66+CCGC9f204E6HZB4xwPR8E=",NULL,"e36a2a1e-7ef9-4d52-a82f-7c8a48ac1ce0","2025-12-12 12:07:25+05:30","2025-12-22 06:58:19+05:30","wilsonjeffrey@example.org","9609282109829","David Choi",False,True,False,"1980-06-17","other",True,"2025-12-12 12:07:25+05:30","1.0.0","doctor","active",NULL,NULL,True,False,"+91"
"pbkdf2_sha256$720000$K5+qxiVMwbGv0V2O$3YPq5RmHceGqa4t/6G+5qPB+IVHm66ebvSEmVA9dwMo=",NULL,"b0e5e3ac-b88a-4fd6-8a9e-a08c9ee7c6b8","2025-11-17 11:44:34+05:30","2025-12-06 11:50:29+05:30","joel26@example.org","7358032022178","Brandon Snyder",False,True,False,"1993-11-23","other",True,"2025-11-17 11:44:34+05:30","1.0.0","doctor","active",NULL,NULL,True,False,"+91"
"pbkdf2_sha256$720000$h+ps/+RCEvZA2N1e$GTWrw4l+oSNXjZ0pNopCq6ylQZvRNcttKv3HrWCbInY=",NULL,"7b8e5a6a-3f55-40e9-a207-d26304e0329b","2025-11-29 17:38:47+05:30","2025-12-01 01:29:39+05:30","joshuatrujillo@example.com","4015382887622","Patrick Garcia",False,True,False,"1959-12-02","male",True,"2025-11-29 17:38:47+05:30","1.0.0","doctor","active",NULL,NULL,False,True,"+91"
"pbkdf2_sha256$720000$WhxAFfxssMZi1tbm$oiS3LzezG/WB3IYpBXnYpW50vpqjNyvuIfnwNXonOFo=",NULL,"e73d9238-497d-4521-9edd-5a5cc8a51d7f","2025-12-17 22:44:15+05:30","2025-12-22 19:28:37+05:30","stacywright@example.net","5286776352181","Paul Gomez",False,True,False,"1949-05-27","female",True,"2025-12-17 22:44:15+05:30","1.0.0","doctor","active",NULL,NULL,True,False,"+91"
"pbkdf2_sha256$720000$oV8Gl2UjvL/mygb9$Zcq+onuVWDpxtXqZWCbtqn8DBQ/GSp1/rtlmKhufJPM=",NULL,"fd5e4652-d43f-4f24-b90c-f37a9ac65844","2025-12-18 06:57:40+05:30","2025-12-19 10:39:14+05:30","nancy82@example.com","7827513842000","Joseph Lewis",False,True,False,"1956-02-27","male",True,"2025-12-18 06:57:40+05:30","1.0.0","doctor","active",NULL,NULL,True,True,"+91"
"pbkdf2_sha256$720000$tZS32V9JG/HQrW/5$pS3CpZIcCHpnhLw1jMl2vmKsndIUM+eOMsgIKngNoFA=",NULL,"18dd0fb3-fa26-409e-bb1d-6b8dc9247baa","2025-11-29 19:44:52+05:30","2025-12-01 07:17:30+05:30","rangelsheila@example.net","5970614958843","Derek Roberson",False,True,False,"1957-01-08","male",True,"2025-11-29 19:44:52+05:30","1.0.0","doctor","active",NULL,NULL,False,True,"+91"
"pbkdf2_sha256$720000$lnHWE78B5GNRoAen$ml3jeoAIgjta3J8n2nvhP9h1baTZyuHRxAvllsmRY4M=",NULL,"8787c7de-e78e-4fee-8811-2429ae418230","2025-11-21 04:58:49+05:30","2025-12-01 19:18:28+05:30","tunderwood@example.org","4582029985627","Karen Kelly",False,True,False,"1958-12-02","male",True,"2025-11-21 04:58:49+05:30","1.0.0","doctor","active",NULL,NULL,False,False,"+91"
"pbkdf2_sha256$720000$8zJ/EPO8XF52f/dI$2QQrREFlofVhbAqQPQTesq+kk/lMDv8jiSFCCfrsyvU=",NULL,"61c21a3b-cf01-446d-9b3f-390800aaa231","2025-11-18 17:37:30+05:30","2025-12-12 09:58:47+05:30","natalieallen@example.net","2013516273053","Jeffrey Fry",False,True,False,"2004-08-19","other",True,"2025-11-18 17:37:30+05:30","1.0.0","doctor","active",NULL,NULL,True,False,"+91"
"pbkdf2_sha256$720000$U1Xm24hGFtPmVmqE$NZDM/G8Mm69Sx1BWpCY7COgz5cfroFXrP0VprpliMSk=",NULL,"53a0bdd1-d8b0-45d1-b0b5-8064d8dbbdda","2025-11-20 00:47:08+05:30","2025-12-05 15:10:34+05:30","bmontgomery@example.net","3211382736335","Robert Ross",False,True,False,"1962-03-05","male",True,"2025-11-20 00:47:08+05:30","1.0.0","doctor","active",NULL,NULL,True,False,"+91"
"pbkdf2_sha256$720000$gRL/wNDPlYfT3eHq$wzostSdZXB/iubUJeASrs1liFSEIzOoJeYjcxQplS/s=",NULL,"f0dfa511-4033-41a1-92da-48308d9152cf","2025-11-07 16:12:37+05:30","2025-11-29 07:52:27+05:30","cbaker@example.net","3041227559189","George Walker",False,True,False,"1965-03-29","other",True,"2025-11-07 16:12:37+05:30","1.0.0","doctor","active",NULL,NULL,False,False,"+91"
"pbkdf2_sha256$720000$I4KpkFr7XqPT1Erj$Gf1lIyMWcJr5CIf9Vy5iuBkAU7MVVZlakWnY17Dmm7E=",NULL,"64990f8b-6743-453d-bc6d-c5448441e2ab","2025-12-18 10:00:46+05:30","2025-12-21 19:33:56+05:30","delgadoalexandria@example.org","4536424236369","Keith Santos",False,True,False,"1963-12-06","female",True,"2025-12-18 10:00:46+05:30","1.0.0","doctor","active",NULL,NULL,False,False,"+91"
"pbkdf2_sha256$720000$xSSmaihirOG/Vi1N$wOua6ekR5bIoF48PgT22fRN1YtbtsZCrO/uQs17LZKI=",NULL,"1bf4b074-8694-46f8-90c8-89b817646f6e","2025-11-22 21:44:04+05:30","2025-12-02 23:07:05+05:30","holderbonnie@example.com","1129260528169","Jeffery Carpenter",False,True,False,"1995-12-10","male",True,"2025-11-22 21:44:04+05:30","1.0.0","doctor","active",NULL,NULL,False,True,"+91"
"pbkdf2_sha256$720000$NjziFVyo7dsHYoku$BIaVD35afdVBgqaDIM0RDA5UPliqY6NdEIpMbkMY1Ls=",NULL,"0489282b-185f-4e60-8a3b-ac5801398410","2025-12-20 09:28:31+05:30","2025-12-24 10:48:57+05:30","laurie92@example.net","1930699401643","Susan Glover",False,True,False,"1951-08-29","other",True,"2025-12-20 09:28:31+05:30","1.0.0","doctor","active",NULL,NULL,True,False,"+91"
"pbkdf2_sha256$720000$Z7Pgauycv/YZ4mfk$3e3/ykm32xjQUDOHycqNvI8DNmlG2sKRqHDeKN2mWY0=",NULL,"67e66037-8504-42d2-a131-b03421988e8c","2025-12-10 23:48:52+05:30","2025-12-12 14:51:23+05:30","uzamora@example.com","7778470395384","Joan Hahn",False,True,False,"1995-10-21","female",True,"2025-12-10 23:48:52+05:30","1.0.0","doctor","active",NULL,NULL,False,False,"+91"
"pbkdf2_sha256$720000$HOZz4PDQ1CAksO+J$nq8y9xq86yAyKdYfu75d76tHVgHazQjP/X/oIHmmFlI=",NULL,"2be2d3d8-d4b9-4282-9e23-eed175863f63","2025-12-03 19:14:12+05:30","2025-12-16 16:30:57+05:30","mollyedwards@example.org","1791692622935","Sheila Wilson",False,True,False,"1951-06-08","male",True,"2025-12-03 19:14:12+05:30","1.0.0","doctor","active",NULL,NULL,False,False,"+91"
"pbkdf2_sha256$720000$yK1PMioci8wy25EX$MIY3Zw7/PX9X+2BNR6E0hohl0TdgO/8iA2KRalP7qBo=",NULL,"461aa8d8-4d10-4cec-97f7-3725eb579e5e","2025-11-18 10:13:43+05:30","2025-12-14 11:35:27+05:30","rdecker@example.net","6197142392911","Joel Alexander",False,True,False,"1976-10-26","other",True,"2025-11-18 10:13:43+05:30","1.0.0","doctor","active",NULL,NULL,False,True,"+91"
"pbkdf2_sha256$720000$iMsQhHNX+YSWbXp4$hb5aigmkwLs6VXr6h9sk3jZEyJSyNa/RX0HAJMqEmJs=",NULL,"5b10bd62-8094-49f6-8e9e-68eaa5cf606d","2025-11-17 23:28:37+05:30","2025-12-16 07:21:26+05:30","david55@example.org","4512140183088","Patricia Morales",False,True,False,"1975-01-10","other",True,"2025-11-17 23:28:37+05:30","1.0.0","doctor","active",NULL,NULL,True,True,"+91"
"pbkdf2_sha256$720000$PxtpebpR8OkM4qbd$PrhHVoDprMsjLCUayGppC8Z9g0PUYYHSsxTRFCcwPbA=",NULL,"85fa4dd6-96c9-46e7-aa2c-4eb1bdd50292","2025-12-12 11:00:34+05:30","2025-12-24 20:16:34+05:30","andreadaniels@example.org","4066416294352","Donald Thornton",False,True,False,"1984-05-11","male",True,"2025-12-12 11:00:34+05:30","1.0.0","doctor","active",NULL,NULL,True,True,"+91"
"pbkdf2_sha256$720000$tPW6tc4Dw72rMd55$myBEF7m2+L1lisD+TARk4Qa2M1c7bnyZ1V18btr+H9E=",NULL,"3e5e9556-e32e-4f2e-b27d-2a33f2f3df90","2025-11-08 09:25:53+05:30","2025-11-24 11:47:05+05:30","tuckerjohn@example.com","9432336385315","Mark Cook",False,True,False,"1983-08-14","female",True,"2025-11-08 09:25:53+05:30","1.0.0","doctor","active",NULL,NULL,True,False,"+91"
"pbkdf2_sha256$720000$oqj6T00+sH5lkaPp$ATpq0H4wpXoUY6wHz0gncNjnH8f5YGnEdfXHjIvmGKo=",NULL,"2a7c3807-a099-4526-9ddf-85798c2d63ca","2025-12-11 16:16:14+05:30","2025-12-20 10:27:16+05:30","heather04@example.net","1225954110056","Robert Lewis",False,True,False,"1975-07-11","female",True,"2025-12-11 16:16:14+05:30","1.0.0","doctor","active",NULL,NULL,False,False,"+91"
"pbkdf2_sha256$720000$ioHu4xt1jYIoa9o8$vPC4yysvaVSYziLwO6INoAICmzFiL+9CC3HF7nizCaw=",NULL,"ac218004-1e44-47eb-a8ea-4eb29c059edd","2025-12-24 18:08:05+05:30","2025-12-24 20:12:31+05:30","gromero@example.net","8644782456521","Joan Moran",False,True,False,"1997-08-04","other",True,"2025-12-24 18:08:05+05:30","1.0.0","doctor","active",NULL,NULL,False,False,"+91"
"pbkdf2_sha256$720000$qz6eqqJy4gG/9c0h$IjNZCQWsYOq61aTucmuLscnnsJ5pBujLE36aQqlAVfs=",NULL,"06670e93-7940-4e6d-a280-a60bbb893757","2025-12-06 16:23:43+05:30","2025-12-12 03:09:41+05:30","dwilliams@example.net","2002047337641","James Brock",False,True,False,"1976-03-29","other",True,"2025-12-06 16:23:43+05:30","1.0.0","doctor","active",NULL,NULL,True,False,"+91"
"pbkdf2_sha256$720000$A0viknFT24n2m6+i$KB6crM2egVptbWn/LF5oCX2zT0YI53rXRyyMR7BegmU=",NULL,"2e35fcab-b246-41ad-970c-1aef70a479de","2025-12-12 06:01:45+05:30","2025-12-18 16:42:26+05:30","campbellemily@example.com","4479246350318","Joy Anderson",False,True,False,"1999-02-16","other",True,"2025-12-12 06:01:45+05:30","1.0.0","doctor","active",NULL,NULL,False,False,"+91"
"pbkdf2_sha256$720000$gTH1icgykgPt8avo$Y8y5OE825sBtIEk/xp25vIn1Q5SgwTC2M7MiNavJpy0=",NULL,"90f25fff-018a-4d0c-9aef-3d64ac54e3a7","2025-12-04 07:19:29+05:30","2025-12-12 23:36:19+05:30","johnsonsamuel@example.net","0797936988023","Stephanie Hayes",False,True,False,"1963-09-11","male",True,"2025-12-04 07:19:29+05:30","1.0.0","doctor","active",NULL,NULL,True,False,"+91"
"pbkdf2_sha256$720000$MtZGpwOYXFn0IL01$LzNv7ZqbGcKIfvixFxIxq52hkRReiJmZ71hx65eIjOk=",NULL,"eee87e95-320f-42e5-91eb-4c0220386d87","2025-12-05 08:45:57+05:30","2025-12-24 00:26:36+05:30","kayla70@example.org","7492824511323","Charles Rodriguez",False,True,False,"1981-09-06","male",True,"2025-12-05 08:45:57+05:30","1.0.0","doctor","active",NULL,NULL,False,False,"+91"
"pbkdf2_sha256$720000$wcAW5VO0VJJVIMGn$+WxiMa0+ibnkMu5ojW2yvMiwjM6EU7Xr9u+8z9ehoH0=",NULL,"97e9710e-b77e-42f9-aa9c-dd95c80b490e","2025-11-16 23:43:23+05:30","2025-12-08 14:40:15+05:30","jared57@example.net","7291241513182","Paul Stevens",False,True,False,"1949-07-12","male",True,"2025-11-16 23:43:23+05:30","1.0.0","doctor","active",NULL,NULL,False,True,"+91"
"pbkdf2_sha256$720000$hi7vG+DmgI7WeVhf$ufkKP6rlHcg1gWijlKhqBfOS8Ew1XzyySNcXnBx4SLw=",NULL,"030f4140-00e3-4c7e-8f6d-73b44c48e013","2025-12-22 10:02:33+05:30","2025-12-24 08:05:28+05:30","thomas73@example.org","6961010771259","Mary Miller",False,True,False,"2006-11-25","female",True,"2025-12-22 10:02:33+05:30","1.0.0","doctor","active",NULL,NULL,True,True,"+91"
"pbkdf2_sha256$720000$RR7xy4CeLCc4qNZa$kKyZYr5zDXtn94+gvdS5vFlflGnAuoMy8jTm7AdF3Tg=",NULL,"01532208-0e9b-4716-9fc8-51cd12cfb5c3","2025-12-07 19:03:42+05:30","2025-12-10 02:36:38+05:30","ashley75@example.com","6199085571088","Sandra Whitney",False,True,False,"1954-02-17","male",True,"2025-12-07 19:03:42+05:30","1.0.0","doctor","active",NULL,NULL,True,False,"+91"
"pbkdf2_sha256$720000$lFjnw6dMfohweR0z$7i2DRPJ7x+hIjk9QOOHhNlDFew8DnRq2FURyJDg19wA=",NULL,"849df4c8-7a97-41e6-916c-77bf5cd0c45a","2025-12-20 08:35:49+05:30","2025-12-20 14:38:02+05:30","barryedwards@example.org","3151836742319","Craig Rodriguez",False,True,False,"1970-08-18","other",True,"2025-12-20 08:35:49+05:30","1.0.0","doctor","active",NULL,NULL,False,False,"+91"
"pbkdf2_sha256$720000$UmMOwSTn/GqqwAKa$yA1d77BqjZl3CiB3QmHOb+odoMn6opnI++RypALjklM=",NULL,"fa1d3b8e-3c18-437c-bbd5-e9a8c43c89fe","2025-12-19 10:56:48+05:30","2025-12-24 00:06:30+05:30","turnerashley@example.com","7449844480195","Emily Quinn",False,True,False,"1978-07-22","other",True,"2025-12-19 10:56:48+05:30","1.0.0","doctor","active",NULL,NULL,False,False,"+91"
"pbkdf2_sha256$720000$y0bIln/FU6jGQJIu$8roYIR4ZFrCvOy1uv607NaJP83ysJSJm5SNlCk/VGEE=",NULL,"e8bdf0c0-f9d3-4bb3-9027-eca753198b72","2025-11-08 15:40:30+05:30","2025-12-11 19:25:15+05:30","frazierlindsay@example.net","8431686313830","Susan Mckinney",False,True,False,"2005-03-22","other",True,"2025-11-08 15:40:30+05:30","1.0.0","doctor","active",NULL,NULL,True,True,"+91"
"pbkdf2_sha256$720000$lISAf6bRR7RLFHIo$aeasW9+NyrQwueoRPahiXFydfkoWbx/CIs2pNcoeBZM=",NULL,"4a91e0f6-5068-407a-b86a-af8318ab7cfa","2025-12-19 14:21:34+05:30","2025-12-24 19:28:02+05:30","william20@example.net","5826992911515","Todd Adams",False,True,False,"1967-09-19","female",True,"2025-12-19 14:21:34+05:30","1.0.0","doctor","active",NULL,NULL,True,True,"+91"
"pbkdf2_sha256$720000$Qz6JNLM9owenaBf6$jyjilEwPV7WKfu8SwC2YzfY6QEP6/dEU2ZWDMM9TKNU=",NULL,"8b265e02-6298-4f99-b734-fa174f42a6a2","2025-12-15 08:30:28+05:30","2025-12-21 17:33:42+05:30","vhamilton@example.net","8851950292295","Michele Summers",False,True,False,"1979-06-01","female",True,"2025-12-15 08:30:28+05:30","1.0.0","doctor","active",NULL,NULL,True,False,"+91"
"pbkdf2_sha256$720000$XE/oMiJEH1YBtXmk$Va/DriN3eCWyhoTpu5KslvObDVgfmH8A8Zf7zYKPUD8=",NULL,"6bd7a2fd-bef9-41e0-bebb-c5e64f903212","2025-12-05 05:17:20+05:30","2025-12-15 13:58:58+05:30","claudia83@example.org","0801252527238","David Myers",False,True,False,"1965-10-12","female",True,"2025-12-05 05:17:20+05:30","1.0.0","doctor","active",NULL,NULL,True,True,"+91"
"pbkdf2_sha256$720000$1KvcpBbAER4Eeiax$wCTDBCwzuixo0FiGaEXL6VdD7gjPxh0+3+Ejad4+9NQ=",NULL,"dd656e9e-b210-49d7-933e-7b4e8ba6c544","2025-11-28 20:36:40+05:30","2025-12-08 07:46:03+05:30","rtucker@example.com","2876419283772","Ebony Carpenter",False,True,False,"1989-02-19","female",True,"2025-11-28 20:36:40+05:30","1.0.0","doctor","active",NULL,NULL,True,False,"+91"
"pbkdf2_sha256$720000$tt+3Pxqozd1xgqLW$BOB6ENBaGmNincPI+tDcBt9sC7pDLIF6m6wtDXLZENw=",NULL,"fba4e11b-c4b1-4516-be46-eed5ddc37f2b","2025-12-06 10:15:54+05:30","2025-12-20 18:51:43+05:30","wilsonmark@example.com","6543316753642","Jason Carroll",False,True,False,"1983-03-07","female",True,"2025-12-06 10:15:54+05:30","1.0.0","doctor","active",NULL,NULL,False,True,"+91"
"pbkdf2_sha256$720000$Ffo8AA8JPmgcQU/Q$StP6BiwtVKtcyZHPntGS2fc+F38bxogBqr94J6puoCQ=",NULL,"b5864c10-c370-4d58-a1c1-a8b6e3b5e8ef","2025-11-22 00:19:24+05:30","2025-12-24 21:50:18+05:30","anthonywilson@example.com","4442458523280","Samantha Heath",False,True,False,"1986-12-09","female",True,"2025-11-22 00:19:24+05:30","1.0.0","doctor","active",NULL,NULL,True,False,"+91"
"pbkdf2_sha256$720000$bM9unaaZkQUPpUEV$gSW945a9NKpgxjXzaLZaIz2X1+CvnbFvRd9xMw+TEGY=",NULL,"c61e6507-2f50-4e0d-8232-a082310910e3","2025-12-01 16:24:45+05:30","2025-12-08 20:44:12+05:30","allenjennifer@example.com","8968740230537","Jessica Mitchell",False,True,False,"1946-10-08","other",True,"2025-12-01 16:24:45+05:30","1.0.0","doctor","active",NULL,NULL,True,False,"+91"
"pbkdf2_sha256$720000$qki8k8+hbEe6kOiD$lknyonemq3nQ2Cj+IXM0ENTdYRzgU611QJ3xxof1x5U=",NULL,"f3d4ef9c-df99-43fa-bab5-91c5dbea0c9c","2025-12-06 01:26:30+05:30","2025-12-18 20:03:10+05:30","jonesmichael@example.org","4017289475839","Emily Miller",False,True,False,"1961-09-18","other",True,"2025-12-06 01:26:30+05:30","1.0.0","doctor","active",NULL,NULL,True,True,"+91"
"pbkdf2_sha256$720000$PRIZJSs6L7CkxNsJ$fuDvGDhZk/5E2AbkLD28jiAH6T9oX41BXNvqZzMU7bE=",NULL,"0ed61f7f-3098-466e-8e2d-f26fa232f013","2025-11-24 02:04:29+05:30","2025-12-13 20:41:45+05:30","michaelthompson@example.net","6232397062481","Ronald Carroll",False,True,False,"1992-06-27","other",True,"2025-11-24 02:04:29+05:30","1.0.0","doctor","active",NULL,NULL,True,False,"+91"
"pbkdf2_sha256$720000$Fzc8mMM9G9aW7iqc$/2aqrlCJjiGmCT79EBlAZ5ZPYHeUJXDKydZoeXgflx0=",NULL,"f0f1c9ac-4a15-4722-9b4f-f845f861cec0","2025-11-27 22:53:01+05:30","2025-12-04 01:26:46+05:30","shelby83@example.org","7962864419867","Brian Young",False,True,False,"1956-04-18","male",True,"2025-11-27 22:53:01+05:30","1.0.0","doctor","active",NULL,NULL,True,True,"+91"
"pbkdf2_sha256$720000$YNNck2x/GXXn2Qbh$NgSDuqj0hfwLb1+mH1YF3LBDCmUmbKQXvlY5vbiLs+Y=",NULL,"a0113520-7aa5-4574-9526-e724be43c1ca","2025-11-24 08:08:08+05:30","2025-12-22 06:58:11+05:30","dennissmith@example.com","3335647133340","Tamara Ray",False,True,False,"1968-05-17","female",True,"2025-11-24 08:08:08+05:30","1.0.0","doctor","active",NULL,NULL,False,True,"+91"
"pbkdf2_sha256$720000$zoY7n9W5yn+xHlHV$yRho/NrDD358+7gKDvS9eSJ3uLfJj0sq9wXqBPFwpPI=",NULL,"abfdeebd-c788-4882-9de3-0ef3016bd1b0","2025-12-03 01:58:31+05:30","2025-12-12 20:08:33+05:30","joseanderson@example.com","7877354807140","Autumn Cannon",False,True,False,"1993-10-06","male",True,"2025-12-03 01:58:31+05:30","1.0.0","doctor","active",NULL,NULL,True,False,"+91"
"pbkdf2_sha256$720000$emszTpEN5k/ZmGv0$bse52Cwp2ALZ8AvtUG7z82e6HCEOEfEoCb80CgbZhho=",NULL,"1ea7d449-ca31-403d-8c96-5a8647247dfc","2025-11-05 07:03:01+05:30","2025-11-13 23:47:45+05:30","claire09@example.com","1813369083760","Jeremy Martin",False,True,False,"2007-10-30","female",True,"2025-11-05 07:03:01+05:30","1.0.0","doctor","active",NULL,NULL,True,True,"+91"
"pbkdf2_sha256$720000$etUe3eAwX0oyZdDP$Ey321hwc0qMuAjA+JvTroo/HuLEQ7DcXIE49lQJUsnk=",NULL,"77c04ab8-8553-468c-8eb0-2defc88033c8","2025-12-14 18:05:54+05:30","2025-12-20 02:47:38+05:30","cmcneil@example.org","2323487485712","Maria Parrish",False,True,False,"1953-08-27","female",True,"2025-12-14 18:05:54+05:30","1.0.0","doctor","active",NULL,NULL,True,False,"+91"
"pbkdf2_sha256$720000$EmIrR4ffTOpk2cPa$Qi3Fq5Hl2dl4nw4+mmHwe/z+j+tKeMcMEW7bmFsDFt8=",NULL,"721e9044-5d2a-4b4f-96ca-66f32ceb24db","2025-12-17 17:54:49+05:30","2025-12-23 15:58:24+05:30","kathrynwalker@example.net","4304027329301","Tammy Davis",False,True,False,"1970-01-30","male",True,"2025-12-17 17:54:49+05:30","1.0.0","doctor","active",NULL,NULL,True,False,"+91"
"pbkdf2_sha256$720000$u9Z9cqGQkB6SFKj6$d/wEDTuNl93ORsmk5CrqJiiE4ISmbWx5HftthKXMNHs=",NULL,"8bbd333d-e4e2-4f32-8a35-b236bbf1f377","2025-11-15 12:26:58+05:30","2025-11-22 00:50:58+05:30","amberyoder@example.com","7735392474751","Jared Hicks",False,True,False,"1965-09-08","other",True,"2025-11-15 12:26:58+05:30","1.0.0","doctor","active",NULL,NULL,True,False,"+91"
"pbkdf2_sha256$720000$Q2TB2PKsiQyHdrHk$hPy9ZnMSbDzD0croSCaWy2wyBBmzV4WlUSdATfMmvQA=",NULL,"411554bc-ee61-494f-8ae3-40128b157784","2025-12-20 07:03:39+05:30","2025-12-21 09:38:22+05:30","qcampos@example.com","9637496487934","Ronald Herring",False,True,False,"2006-01-12","other",True,"2025-12-20 07:03:39+05:30","1.0.0","doctor","active",NULL,NULL,True,False,"+91"
"pbkdf2_sha256$720000$Q1KY9N95rRXui2FN$oAGROI9mZP2P1g6gBgxx58/hRizMpJf4UaTBMDzWAmg=",NULL,"d99850b6-379f-4896-b5b0-27ea24899370","2025-11-20 11:10:42+05:30","2025-12-10 12:58:43+05:30","jlowe@example.com","8694796641824","Stephanie Avery",False,True,False,"1957-04-27","male",True,"2025-11-20 11:10:42+05:30","1.0.0","doctor","active",NULL,NULL,True,True,"+91"
"pbkdf2_sha256$720000$1tTsLvzurxA80wg4$8I+iY+m52PPNMivdkKweN7M83UfDTbjoEJyMEtE4yqQ=",NULL,"4fed142a-5347-42fa-ac59-c1a70d990698","2025-12-15 19:07:48+05:30","2025-12-23 05:12:40+05:30","wgreen@example.org","9015057474021","Steven Ochoa",False,True,False,"1963-06-20","male",True,"2025-12-15 19:07:48+05:30","1.0.0","doctor","active",NULL,NULL,True,True,"+91"
"pbkdf2_sha256$720000$88O2J4IuosBPV82o$blfaxb5nZHV4FLTvOKkjOAnle59AmY7jRHQWhh0oRC0=",NULL,"fdc1a720-d776-4476-b486-4f809c0cde84","2025-11-11 13:13:03+05:30","2025-12-21 19:30:48+05:30","jasonhood@example.com","9238009051476","Laura Brown",False,True,False,"1966-03-12","other",True,"2025-11-11 13:13:03+05:30","1.0.0","doctor","active",NULL,NULL,False,False,"+91"
"pbkdf2_sha256$720000$ehpp91j+T0D0dKJF$4FsUBe3RpefHKUB3IVLeBWA4iyYBkCFa1VeMC6lXfhU=",NULL,"50b33831-39f6-49ad-9af6-a92f618abee4","2025-12-13 22:49:05+05:30","2025-12-22 02:32:42+05:30","emily18@example.com","3715097099812","Joshua Garcia",False,True,False,"2003-03-09","other",True,"2025-12-13 22:49:05+05:30","1.0.0","doctor","active",NULL,NULL,False,True,"+91"
"pbkdf2_sha256$720000$HVAh+Cdc3DCv47Fh$CAkSNXS+nTf1WpIp8SA46fDgZcUrdipweo9UHAUeuvM=",NULL,"b3e06446-7900-422c-bc75-11de8b70f011","2025-12-10 03:49:16+05:30","2025-12-13 00:15:45+05:30","veronicadowns@example.org","9278318993110","Shawn Shepherd",False,True,False,"1970-05-08","other",True,"2025-12-10 03:49:16+05:30","1.0.0","doctor","active",NULL,NULL,True,False,"+91"
"pbkdf2_sha256$720000$Err2cyn6sT53I+6l$8D7zVOcuawCMnRwgz7y1gX2lrDBwx00wPdwYkwK55R8=",NULL,"1022819c-f9ed-4103-aeaa-3fef40ffccde","2025-11-25 23:52:38+05:30","2025-12-09 12:17:17+05:30","schwartzalicia@example.org","4918120889056","Sarah Payne",False,True,False,"1968-06-23","male",True,"2025-11-25 23:52:38+05:30","1.0.0","doctor","active",NULL,NULL,True,False,"+91"
"pbkdf2_sha256$720000$zU6LAxWm41AVcf/E$pqUFK6Ka9zyu8MVsQ+iYmHeXoOfzeeh66A8pRKh40yg=",NULL,"8aa44538-3689-45d7-ae8d-9f090adf1d5e","2025-11-24 04:29:44+05:30","2025-12-15 09:02:58+05:30","danachambers@example.org","9393921646614","Juan Murphy",False,True,False,"1983-08-24","other",True,"2025-11-24 04:29:44+05:30","1.0.0","doctor","active",NULL,NULL,True,False,"+91"
"pbkdf2_sha256$720000$UpWv35x5l0h1FBPc$dEqtqSUEfOt7Vi2Qy8H5CGgXyKwkrfhT61/dLiwiMeg=",NULL,"0177a53b-acae-4d6b-9300-2ed688e8c9bc","2025-11-08 05:26:35+05:30","2025-11-14 21:36:10+05:30","martinezmelissa@example.org","2855604226999","Valerie Thompson",False,True,False,"1997-07-21","other",True,"2025-11-08 05:26:35+05:30","1.0.0","doctor","active",NULL,NULL,False,True,"+91"
"pbkdf2_sha256$720000$hVGS7SfVft+3jMRH$DZyUqwI2QY0Rb69bt+uSN38kVlQcvuheZ4rkHffE2xM=",NULL,"74f4279a-680b-4a36-a701-825d8f63e0b4","2025-12-17 08:56:21+05:30","2025-12-22 06:22:58+05:30","browntiffany@example.org","0926531666789","Samuel Garcia",False,True,False,"1971-04-25","female",True,"2025-12-17 08:56:21+05:30","1.0.0","doctor","active",NULL,NULL,False,False,"+91"
"pbkdf2_sha256$720000$XNgzuT+ajeKSs/5D$h7ruSJgSSYWVNPQ1QHD6yfhJ51XlkqDOHJH0tuuC4YA=",NULL,"ed95e560-930d-454f-9623-cd4f33b7efee","2025-12-16 08:59:03+05:30","2025-12-23 10:28:26+05:30","qoliver@example.net","2115829418216","Shelby Washington",False,True,False,"1961-04-20","female",True,"2025-12-16 08:59:03+05:30","1.0.0","doctor","active",NULL,NULL,False,True,"+91"
"pbkdf2_sha256$720000$pM8n1t7VPgD5uUkw$aH0dsHpTS8gP18X9eC/watEpw47bWoC6RYE7q0Etbio=",NULL,"e4a6cb73-3021-419f-9640-f724880b30fa","2025-11-29 02:17:04+05:30","2025-12-23 00:21:25+05:30","michellemills@example.net","8698325043526","Lucas Holmes",False,True,False,"2003-02-21","other",True,"2025-11-29 02:17:04+05:30","1.0.0","doctor","active",NULL,NULL,True,False,"+91"
"pbkdf2_sha256$720000$cjLCPUZNxKVPGWVa$FfIBabsjy5x56BOX60t0hP6gkeRehaiAEyaHSghIs/s=",NULL,"bf64b756-9689-49af-a9b2-3fd4bbce3945","2025-12-05 13:27:49+05:30","2025-12-13 05:32:13+05:30","uwatkins@example.com","5157263116126","Timothy Merritt",False,True,False,"1990-10-17","male",True,"2025-12-05 13:27:49+05:30","1.0.0","doctor","active",NULL,NULL,True,False,"+91"
"pbkdf2_sha256$720000$+EGMkhXdkfebCz9K$xJh7woRk0+t736l0AQPGAzc9pAhu/4RbZ5fqLm3zT+w=",NULL,"c716be64-91a6-46d3-b413-23c29361d09c","2025-11-14 05:35:48+05:30","2025-12-16 19:48:38+05:30","lthornton@example.com","5798848395228","Karen Wall",False,True,False,"1953-09-16","other",True,"2025-11-14 05:35:48+05:30","1.0.0","doctor","active",NULL,NULL,True,False,"+91"
"pbkdf2_sha256$720000$TKde4n8uGnGF90Lt$hs8DIcwJG20wLbCgkb0Bizeloa/G5dkqOK9wD5iuyrw=",NULL,"2390f044-1300-418e-acb9-f51f72262206","2025-12-21 21:58:27+05:30","2025-12-24 12:49:11+05:30","robinthomas@example.org","9976058526490","Jessica Sullivan",False,True,False,"1957-03-12","male",True,"2025-12-21 21:58:27+05:30","1.0.0","doctor","active",NULL,NULL,False,False,"+91"
"pbkdf2_sha256$720000$AtnP7VIFlkdp8Jtx$pLpknUQ/78msNc2E8P08i0OlOpCzG1u7W/tCHfhwFx0=",NULL,"4db2b557-543c-40d0-bd25-3d7d0a50163d","2025-12-08 15:00:34+05:30","2025-12-17 10:53:52+05:30","stephensscott@example.net","5051610954950","Joseph Woods",False,True,False,"1997-06-04","female",True,"2025-12-08 15:00:34+05:30","1.0.0","doctor","active",NULL,NULL,True,True,"+91"
"pbkdf2_sha256$720000$Wex+yosJ/czjvitY$9kX2y895vBbLUAYwqRMpCbVZd3Fk9n5GgyDpmeIH9fc=",NULL,"b9bf51d7-c28f-447c-93d7-1f12e74bef52","2025-12-08 19:35:01+05:30","2025-12-21 20:02:09+05:30","sheriolsen@example.org","6223166761446","Steven Booth",False,True,False,"1970-08-24","male",True,"2025-12-08 19:35:01+05:30","1.0.0","doctor","active",NULL,NULL,True,False,"+91"
"pbkdf2_sha256$720000$w62WYPGV+Lq/TDEc$a3NbdSMoGhZKpb4KmRikTygCSQxVoSuiEQ7qc3HlQ88=",NULL,"ac1cbc35-1320-4a92-97c2-6582194b86af","2025-11-10 09:32:49+05:30","2025-12-21 18:02:53+05:30","melissa94@example.net","0478460443838","Justin Lopez",False,True,False,"1988-10-01","male",True,"2025-11-10 09:32:49+05:30","1.0.0","doctor","active",NULL,NULL,True,False,"+91"
"pbkdf2_sha256$720000$VqYdsgiI8ZCY7xsY$FTLQNc1QlQ8Ls9dmUeXQl5FH0m6jM9lVPf62b8tkkqc=",NULL,"69badcf7-3310-411e-8a3e-dcfbcd4054f8","2025-12-20 23:22:23+05:30","2025-12-22 02:19:38+05:30","patricianguyen@example.com","8539524367265","Michelle Smith",False,True,False,"1946-11-12","female",True,"2025-12-20 23:22:23+05:30","1.0.0","doctor","active",NULL,NULL,True,False,"+91"
"pbkdf2_sha256$720000$nrTyIsfnUJn0Mvkw$r2IH81fMfZ0O0edZ+c9qjS8k3f/DV0DVvPNJioppqAc=",NULL,"b24829c6-8530-4b6b-b8d8-9769a42cd350","2025-11-06 11:43:01+05:30","2025-11-09 02:57:47+05:30","rhaas@example.org","0051357397235","Joseph Wells",False,True,False,"1967-09-10","other",True,"2025-11-06 11:43:01+05:30","1.0.0","doctor","active",NULL,NULL,True,True,"+91"
"pbkdf2_sha256$720000$BDMz5EpS5tUtx3bn$WD/H+8j65YzbU6qlqKjWkHfFWFMKVTuc7APwq2Ipsfs=",NULL,"4f7001ab-751a-432e-9735-c615be0d12a3","2025-11-30 10:18:49+05:30","2025-12-04 19:11:07+05:30","bullocktonya@example.com","4202824269622","Johnny Short",False,True,False,"1947-02-17","male",True,"2025-11-30 10:18:49+05:30","1.0.0","doctor","active",NULL,NULL,True,False,"+91"
"pbkdf2_sha256$720000$WHcUUp0ZArQZfK0m$JjBZGIDkNaeQGv+8z9B6k0U3Ov1dMPJaqEKtUuu2TEA=",NULL,"a2e793f1-3363-47e4-83c2-b7827592dadf","2025-11-18 02:52:41+05:30","2025-12-19 01:08:50+05:30","rvaldez@example.com","6922056652873","Shannon Christian",False,True,False,"1984-03-27","female",True,"2025-11-18 02:52:41+05:30","1.0.0","doctor","active",NULL,NULL,True,True,"+91"
"pbkdf2_sha256$720000$ziB8qSBf5xL3hagY$P/O+kXBY95H/2br/+7bAsRz6/drqM/FlxGWTeHC9fqA=",NULL,"c74bee8b-2c3f-4bff-a406-4af1e376cddc","2025-12-08 05:41:43+05:30","2025-12-13 13:48:56+05:30","stevekirby@example.org","0089492016904","Samantha Barry",False,True,False,"1958-02-09","other",True,"2025-12-08 05:41:43+05:30","1.0.0","doctor","active",NULL,NULL,True,True,"+91"
"pbkdf2_sha256$720000$hN62dT/7yD03dbXE$EfQ0jWZ8rJtJRwDiOfVlZntDj6SrngwDd/4RwXBCKco=",NULL,"f3cb4749-4b8a-4a3a-b1f8-231f258497c5","2025-11-06 10:10:16+05:30","2025-12-01 12:12:36+05:30","chavezrachel@example.org","6441604297067","Ryan Thomas",False,True,False,"1984-03-24","female",True,"2025-11-06 10:10:16+05:30","1.0.0","doctor","active",NULL,NULL,False,False,"+91"
"pbkdf2_sha256$720000$1Wo83uEtleBEhimI$/SvszuH2Ib1LPs9GyqwtEQTkCyHtK99REPIDUJy7tEw=",NULL,"2a2761d8-cb3b-4d25-8915-e70e9ca4aac3","2025-12-05 18:28:04+05:30","2025-12-23 20:14:39+05:30","prattlisa@example.org","7474618115870","Janice Morris",False,True,False,"1956-07-23","female",True,"2025-12-05 18:28:04+05:30","1.0.0","doctor","active",NULL,NULL,True,False,"+91"
"pbkdf2_sha256$720000$kJfpR2rrg6qgNf2K$YJLKaDNTpcRcP19MeesGtCbsTIFTLOE60nR0ENQhSxM=",NULL,"8acb93b1-5f8e-4bec-a40f-69ade61686bd","2025-11-23 10:00:57+05:30","2025-11-24 20:10:38+05:30","rosedylan@example.com","2327584291822","Erin Ford",False,True,False,"1970-07-12","male",True,"2025-11-23 10:00:57+05:30","1.0.0","doctor","active",NULL,NULL,False,False,"+91"
"pbkdf2_sha256$720000$3oye1JFRecgbgAIF$EsZISrVy79yI3tYJxKvOVV2ccynHtOYk0ywyomEqWAQ=",NULL,"16883727-9634-452d-943c-fd131258acd6","2025-12-19 03:23:30+05:30","2025-12-23 01:13:48+05:30","vrodriguez@example.org","6441274650092","Amber Bowen",False,True,False,"1996-04-16","other",True,"2025-12-19 03:23:30+05:30","1.0.0","doctor","active",NULL,NULL,True,False,"+91"
"pbkdf2_sha256$720000$htXZTEJGfab5id0e$EDUzU6CLX3XWXSnxy653XoP2vzisVEQEluGYbl45cNE=",NULL,"462adef1-63ee-433f-8bc0-cc597c237074","2025-12-20 04:50:24+05:30","2025-12-23 01:06:25+05:30","rebeccabell@example.org","9759798281348","Julian Clark",False,True,False,"1971-05-25","male",True,"2025-12-20 04:50:24+05:30","1.0.0","doctor","active",NULL,NULL,False,True,"+91"
"pbkdf2_sha256$720000$304n+z3RxZy8K1sM$P8+x7FbITZensjJNTz/6cN9E80OeFCn0Cif5gPQXaWM=",NULL,"3737b162-8440-499c-a528-93b7b917c221","2025-11-20 18:16:18+05:30","2025-12-19 16:56:45+05:30","sarah71@example.org","4502323624894","Frank Brown",False,True,False,"1987-04-26","male",True,"2025-11-20 18:16:18+05:30","1.0.0","doctor","active",NULL,NULL,False,True,"+91"
"pbkdf2_sha256$720000$UlisFFWQwWL9N+k2$dp5lOegMVSpc8YPsjQ0T7RbwMFrVy26Uru8wVndH8cg=",NULL,"a7a79d7b-2342-4c10-ab0b-92c1aa728c6d","2025-11-08 00:43:15+05:30","2025-12-21 21:12:33+05:30","agonzales@example.com","4060905315048","Michael Bautista",False,True,False,"1992-12-28","other",True,"2025-11-08 00:43:15+05:30","1.0.0","doctor","active",NULL,NULL,True,True,"+91"
"pbkdf2_sha256$720000$4nTznVA9Hm19GHxG$vgaWnVAra1UALE+KsO4Faw+wsUHr5EVD97pHlvO1lUo=",NULL,"5dd780b6-3ee5-47e8-b151-8953505dceac","2025-11-24 15:21:52+05:30","2025-12-22 01:54:13+05:30","garciaaaron@example.com","7973641236392","Morgan Peterson",False,True,False,"1960-09-26","other",True,"2025-11-24 15:21:52+05:30","1.0.0","doctor","active",NULL,NULL,False,True,"+91"
"pbkdf2_sha256$720000$vJ8VGSJNQFc8fTuI$MFIr5qmUa57b0lxC09Ssdf5eDnAD1ZPEG1F19u4ytGw=",NULL,"426883ec-25cc-49e2-bee6-a2f03b140fa4","2025-11-14 03:06:03+05:30","2025-11-17 05:54:28+05:30","garciamatthew@example.net","3329874468501","David Armstrong",False,True,False,"1992-07-31","male",True,"2025-11-14 03:06:03+05:30","1.0.0","doctor","active",NULL,NULL,True,True,"+91"
"pbkdf2_sha256$720000$44PjWLFy/6P0Mkn/$ns+Jtuu54ZKk3FB8DEbetO2MSsD31zvHffQ9n/NaC+s=",NULL,"06de4d31-7a2c-4b6b-8881-446422a144e8","2025-11-18 17:54:18+05:30","2025-11-29 17:46:49+05:30","jessica64@example.org","8227512640461","Jennifer Martinez",False,True,False,"1948-06-04","male",True,"2025-11-18 17:54:18+05:30","1.0.0","doctor","active",NULL,NULL,True,True,"+91"
"pbkdf2_sha256$720000$TTEUQQn9IfJo1rw4$KL9DTLsCHUirNhEtwdVfalFjh/6f/foyJavp8RA52Ac=",NULL,"84507efc-f445-465b-ace6-d539df8e8acd","2025-11-12 22:34:00+05:30","2025-11-25 13:36:06+05:30","simmonsethan@example.com","4328566298642","John Smith",False,True,False,"1962-08-11","female",True,"2025-11-12 22:34:00+05:30","1.0.0","doctor","active",NULL,NULL,False,False,"+91"
"pbkdf2_sha256$720000$j9ilJNiK0eOYmFZa$f8y0Gphw5VUmmxO0LNOOYB+p3pmZt5nBNHb3TArtJaU=",NULL,"3be37c51-7a53-43ae-96ca-0439f8e8a007","2025-11-15 03:50:24+05:30","2025-12-01 11:06:38+05:30","deniseschwartz@example.net","6203053474048","Sean Reyes",False,True,False,"1999-04-19","other",True,"2025-11-15 03:50:24+05:30","1.0.0","doctor","active",NULL,NULL,True,True,"+91"
"pbkdf2_sha256$720000$hsDhOPeuD6o1orJV$MB9bVXZP/zsCvGBHzRKX17l4CJTKbxKn8qf9P6DF0fg=",NULL,"0068c7e6-f4a0-451b-a2db-5312262acee2","2025-11-28 18:59:02+05:30","2025-12-19 07:20:54+05:30","linda52@example.org","0301567394133","Joseph Browning",False,True,False,"1962-11-29","female",True,"2025-11-28 18:59:02+05:30","1.0.0","doctor","active",NULL,NULL,True,True,"+91"
"pbkdf2_sha256$720000$poWNdGmtIkvi6FnF$CZgdc8CZkemgcc7LWVUOcz96iaqSxP4GHY6owKI//hA=",NULL,"0a59e11e-ddd4-4de9-a921-cb980c09eaf8","2025-11-29 02:04:41+05:30","2025-11-29 15:51:37+05:30","wmatthews@example.org","6523494396316","Jacqueline Allen",False,True,False,"1982-09-15","male",True,"2025-11-29 02:04:41+05:30","1.0.0","doctor","active",NULL,NULL,False,False,"+91"
"pbkdf2_sha256$720000$rKtRmHdaNDHseFBK$sxVxN34VLTyL2QAxA15Dle+3gTCKr0G+6KTNYtolc7o=",NULL,"438ce290-009f-4531-92da-8d92e824c2ad","2025-11-13 19:53:13+05:30","2025-12-11 23:38:06+05:30","pgarcia@example.net","8918335710251","Shelley Edwards",False,True,False,"1982-01-01","male",True,"2025-11-13 19:53:13+05:30","1.0.0","doctor","active",NULL,NULL,False,True,"+91"
"pbkdf2_sha256$720000$9N790EKTCu6Nbf2x$6PJ37v69VPjylD4WSmNHF/9e8C2aPrJMSMpi2ziw3xo=",NULL,"9e816389-448b-4144-8148-e452c6033c02","2025-12-16 21:53:44+05:30","2025-12-24 01:12:38+05:30","ericnelson@example.org","5661093996794","Elizabeth Miller",False,True,False,"1980-12-02","other",True,"2025-12-16 21:53:44+05:30","1.0.0","doctor","active",NULL,NULL,False,False,"+91"
"pbkdf2_sha256$720000$f4VhX5hF1CeybpgD$6Hclt5NFprJyKp/Lw9IK0ZIDedquqRfAw19Idu6R0J8=",NULL,"1abb9d4d-0847-438e-a0ca-bd9f0ccfe8c7","2025-11-26 22:42:32+05:30","2025-12-02 02:47:47+05:30","ian19@example.net","2803081925535","Amy Graham",False,True,False,"1962-04-17","other",True,"2025-11-26 22:42:32+05:30","1.0.0","doctor","active",NULL,NULL,False,True,"+91"
"pbkdf2_sha256$720000$5H77uXXtvTH/fnfV$VVjLNaNZ5cNegbcqDu0Woi3hpBa6tDgi84+CslCC/HY=",NULL,"8e11b804-80ae-4b75-ab5a-d89e75946ee7","2025-11-09 13:04:48+05:30","2025-11-17 09:30:34+05:30","diaznancy@example.org","7599369674908","Nathan Crawford",False,True,False,"1973-02-11","other",True,"2025-11-09 13:04:48+05:30","1.0.0","doctor","active",NULL,NULL,False,True,"+91"
"pbkdf2_sha256$720000$GpUSC+t90cATq7Xt$KS1xcbD78BvkJQ/Z90pAPESsu7O4JeDU5+khGggjYSo=",NULL,"3ff010ab-4c67-440a-b088-fef88993a364","2025-12-24 09:09:29+05:30","2025-12-24 13:34:46+05:30","masondavid@example.com","2868523254776","Jennifer Shaw",False,True,False,"1986-11-08","male",True,"2025-12-24 09:09:29+05:30","1.0.0","doctor","active",NULL,NULL,True,False,"+91"
"pbkdf2_sha256$720000$xJKR1thM2aM2n7Xb$hBvlWtg27QM/cRCYvg7wDJStwANTTG3yd7KkGG5VAZo=",NULL,"acd19a1b-cb43-4df7-82e8-098fcb514be5","2025-11-30 00:29:20+05:30","2025-12-03 06:48:58+05:30","brooke30@example.com","2695492630986","Cheyenne Woods",False,True,False,"1946-09-20","male",True,"2025-11-30 00:29:20+05:30","1.0.0","doctor","active",NULL,NULL,False,False,"+91"
"pbkdf2_sha256$720000$z5qF4aMEcrY2UAyx$bStPGsRxuJg0GU5gZIum3CG9ApMCIKT6Dmz/UpjcSD0=",NULL,"79818b19-65fb-48f9-ba5d-ac86dcca297f","2025-12-19 17:15:41+05:30","2025-12-23 05:29:40+05:30","alyssamorton@example.net","5176786106244","Patricia Nichols",False,True,False,"2003-07-10","other",True,"2025-12-19 17:15:41+05:30","1.0.0","doctor","active",NULL,NULL,False,True,"+91"
"pbkdf2_sha256$720000$tPQ8mflfMV+/CDcC$K6E0El6sI0kJq4XtLi6HS4we7xTavsku4CSf3vaoAr8=",NULL,"5c6e4c0e-f330-4a8b-b5b1-cf7ee9fdac8b","2025-11-28 19:45:54+05:30","2025-12-13 08:23:33+05:30","annette64@example.com","6845563849999","Andrew Watson",False,True,False,"1974-01-11","female",True,"2025-11-28 19:45:54+05:30","1.0.0","doctor","active",NULL,NULL,True,False,"+91"
"pbkdf2_sha256$720000$Bo4k9SYxXYBqkdsM$viQHviBcTXTSU6kBgx/HFtbdhvjVKpjAaREFrTZY/EM=",NULL,"c6009427-6d9c-45e3-9314-6ef647a2c285","2025-12-01 18:47:56+05:30","2025-12-18 06:00:34+05:30","teresaandrade@example.net","4576044812332","Lee Ryan",False,True,False,"1985-10-11","other",True,"2025-12-01 18:47:56+05:30","1.0.0","doctor","active",NULL,NULL,True,True,"+91"
"pbkdf2_sha256$720000$O7BUCY8ag2Of0i93$rCsoqF448jjU42wwYhClc3iu9J2lvdvUDsh6vg+jm3E=",NULL,"5854ee56-9d62-49bb-a8ed-b9b882b4df3c","2025-12-03 12:09:53+05:30","2025-12-07 16:54:15+05:30","michael10@example.com","9859378650800","Daisy Nixon",False,True,False,"1958-09-19","female",True,"2025-12-03 12:09:53+05:30","1.0.0","doctor","active",NULL,NULL,True,True,"+91"
"pbkdf2_sha256$720000$2/etTm4ECpN5rU2e$O1AI3vkPVAszxugGStnf92gRIOj0XPqtXxvPWWO+84g=",NULL,"c83d5a80-a75f-4ed8-848a-9033e8d1232a","2025-12-20 06:26:35+05:30","2025-12-20 12:22:46+05:30","clarson@example.com","3126784906027","Thomas Doyle",False,True,False,"1956-10-18","female",True,"2025-12-20 06:26:35+05:30","1.0.0","doctor","active",NULL,NULL,True,True,"+91"
"pbkdf2_sha256$720000$3Y35Fm7SjfS6BE6q$ZeMaZBY7Zgp6MtKMGGLQhAYPjrjmAM88R3YjtiDbjFI=",NULL,"307e703e-c581-4ea5-b958-9053dabd9517","2025-12-24 07:04:36+05:30","2025-12-24 19:10:02+05:30","andrealowe@example.com","3933053229177","Susan Brady",False,True,False,"1951-05-03","female",True,"2025-12-24 07:04:36+05:30","1.0.0","doctor","active",NULL,NULL,False,True,"+91"
"pbkdf2_sha256$720000$dQLR0HJvVVmU2tpM$BMsL2PvlOTsu5WKyqiIyFv7pmstUDZcm0UxTt7VI+rA=",NULL,"b06f73c8-2fac-41ef-88ee-1cbf44ef32d2","2025-12-04 14:50:34+05:30","2025-12-13 20:20:18+05:30","kathrynsims@example.com","9201986757475","David Anderson",False,True,False,"1976-06-11","female",True,"2025-12-04 14:50:34+05:30","1.0.0","doctor","active",NULL,NULL,True,False,"+91"
"pbkdf2_sha256$720000$45J5phemUwGCfEoX$drPQ4TAwCQ+5KQ5sAuFYVLwIkDDlWNJ/3m0QTcLhlRo=",NULL,"f6dbf2e4-9492-4d55-9621-1e0edb955276","2025-12-03 13:24:37+05:30","2025-12-17 00:01:13+05:30","jay88@example.org","7270376560406","Collin Clark",False,True,False,"1968-05-21","other",True,"2025-12-03 13:24:37+05:30","1.0.0","doctor","active",NULL,NULL,False,True,"+91"
"pbkdf2_sha256$720000$Tpjf+cwV8diI6zgl$55uK60qSVAak4QSDSVl1b//EGZFA8gs4z7gDG2RApfc=",NULL,"538397a3-39cd-4f66-96da-8114807be8bf","2025-12-16 15:37:06+05:30","2025-12-22 12:43:09+05:30","abell@example.org","1822099348097","Rebecca Travis",False,True,False,"1958-03-20","other",True,"2025-12-16 15:37:06+05:30","1.0.0","doctor","active",NULL,NULL,False,False,"+91"
